,working_hours_35_base,savings_35_base,consumption_35_base,income_35_base,assets_35_base,savings_rate_35_base,employment_rate_35_base,retirement_rate_35_base,working_hours_35_cf,savings_35_cf,consumption_35_cf,income_35_cf,assets_35_cf,savings_rate_35_cf,employment_rate_35_cf,retirement_rate_35_cf,savings_rate_diff_35,employment_rate_diff_35,retirement_rate_diff_35,working_hours_45_base,savings_45_base,consumption_45_base,income_45_base,assets_45_base,savings_rate_45_base,employment_rate_45_base,retirement_rate_45_base,working_hours_45_cf,savings_45_cf,consumption_45_cf,income_45_cf,assets_45_cf,savings_rate_45_cf,employment_rate_45_cf,retirement_rate_45_cf,savings_rate_diff_45,employment_rate_diff_45,retirement_rate_diff_45,working_hours_55_base,savings_55_base,consumption_55_base,income_55_base,assets_55_base,savings_rate_55_base,employment_rate_55_base,retirement_rate_55_base,working_hours_55_cf,savings_55_cf,consumption_55_cf,income_55_cf,assets_55_cf,savings_rate_55_cf,employment_rate_55_cf,retirement_rate_55_cf,savings_rate_diff_55,employment_rate_diff_55,retirement_rate_diff_55
30,1410.2494677001066,0.1342806113315682,3.86860051401879,4.002881125350359,9.928424358635805,0.033545990282140864,0.7969117647058823,0.006911764705882353,1410.2494677001066,0.1342806113315682,3.86860051401879,4.002881125350359,9.928424358635805,0.033545990282140864,0.7969117647058823,0.006911764705882353,0.0,0.0,0.0,1410.2494677001066,0.1342806113315682,3.86860051401879,4.002881125350359,9.928424358635805,0.033545990282140864,0.7969117647058823,0.006911764705882353,1410.2494677001066,0.1342806113315682,3.86860051401879,4.002881125350359,9.928424358635805,0.033545990282140864,0.7969117647058823,0.006911764705882353,0.0,0.0,0.0,1410.2494677001066,0.1342806113315682,3.86860051401879,4.002881125350359,9.928424358635805,0.033545990282140864,0.7969117647058823,0.006911764705882353,1410.2494677001066,0.1342806113315682,3.86860051401879,4.002881125350359,9.928424358635805,0.033545990282140864,0.7969117647058823,0.006911764705882353,0.0,0.0,0.0
31,1425.693609992132,0.16687426735232763,4.006436135521815,4.173310402874143,9.924869348464348,0.03998606651386438,0.8105252100840337,0.008025210084033613,1425.693609992132,0.16687426735232763,4.006436135521815,4.173310402874143,9.924869348464348,0.03998606651386438,0.8105252100840337,0.008025210084033613,0.0,0.0,0.0,1425.693609992132,0.16687426735232763,4.006436135521815,4.173310402874143,9.924869348464348,0.03998606651386438,0.8105252100840337,0.008025210084033613,1425.693609992132,0.16687426735232763,4.006436135521815,4.173310402874143,9.924869348464348,0.03998606651386438,0.8105252100840337,0.008025210084033613,0.0,0.0,0.0,1425.693609992132,0.16687426735232763,4.006436135521815,4.173310402874143,9.924869348464348,0.03998606651386438,0.8105252100840337,0.008025210084033613,1425.693609992132,0.16687426735232763,4.006436135521815,4.173310402874143,9.924869348464348,0.03998606651386438,0.8105252100840337,0.008025210084033613,0.0,0.0,0.0
32,1438.2131943375787,0.22322414129547186,4.095254397405562,4.318478538701035,10.007727292367145,0.051690459798514124,0.8216267339218158,0.00868011769651114,1438.2131943375787,0.22322414129547186,4.095254397405562,4.318478538701035,10.007727292367145,0.051690459798514124,0.8216267339218158,0.00868011769651114,0.0,0.0,0.0,1438.2131943375787,0.22322414129547186,4.095254397405562,4.318478538701035,10.007727292367145,0.051690459798514124,0.8216267339218158,0.00868011769651114,1438.2131943375787,0.22322414129547186,4.095254397405562,4.318478538701035,10.007727292367145,0.051690459798514124,0.8216267339218158,0.00868011769651114,0.0,0.0,0.0,1438.2131943375787,0.22322414129547186,4.095254397405562,4.318478538701035,10.007727292367145,0.051690459798514124,0.8216267339218158,0.00868011769651114,1438.2131943375787,0.22322414129547186,4.095254397405562,4.318478538701035,10.007727292367145,0.051690459798514124,0.8216267339218158,0.00868011769651114,0.0,0.0,0.0
33,1445.151572319493,0.27044001616135704,4.170590115823715,4.441030131985071,10.159411892383973,0.06089578501474264,0.8272679491222538,0.00946073793755913,1445.151572319493,0.27044001616135704,4.170590115823715,4.441030131985071,10.159411892383973,0.06089578501474264,0.8272679491222538,0.00946073793755913,0.0,0.0,0.0,1445.151572319493,0.27044001616135704,4.170590115823715,4.441030131985071,10.159411892383973,0.06089578501474264,0.8272679491222538,0.00946073793755913,1445.151572319493,0.27044001616135704,4.170590115823715,4.441030131985071,10.159411892383973,0.06089578501474264,0.8272679491222538,0.00946073793755913,0.0,0.0,0.0,1445.151572319493,0.27044001616135704,4.170590115823715,4.441030131985071,10.159411892383973,0.06089578501474264,0.8272679491222538,0.00946073793755913,1445.151572319493,0.27044001616135704,4.170590115823715,4.441030131985071,10.159411892383973,0.06089578501474264,0.8272679491222538,0.00946073793755913,0.0,0.0,0.0
34,1444.6653382680051,0.32391295135732245,4.2320479051300115,4.555960856487334,10.372055701871512,0.07109651763054452,0.8290641430073606,0.01085173501577287,1444.6653382680051,0.32393207553836884,4.2320479051300115,4.55597998066838,10.372055701871512,0.07110041679569601,0.8290641430073606,0.01085173501577287,3.899165151491357e-06,0.0,0.0,1444.6653382680051,0.32391295135732245,4.2320479051300115,4.555960856487334,10.372055701871512,0.07109651763054452,0.8290641430073606,0.01085173501577287,1444.6653382680051,0.32391295135732245,4.2320479051300115,4.555960856487334,10.372055701871512,0.07109651763054452,0.8290641430073606,0.01085173501577287,0.0,0.0,0.0,1444.6653382680051,0.32391295135732245,4.2320479051300115,4.555960856487334,10.372055701871512,0.07109651763054452,0.8290641430073606,0.01085173501577287,1444.6653382680051,0.32391295135732245,4.2320479051300115,4.555960856487334,10.372055701871512,0.07109651763054452,0.8290641430073606,0.01085173501577287,0.0,0.0,0.0
35,1451.5668417930783,0.3759298740834068,4.283564589037527,4.659494463120934,10.649152612233072,0.08068039935637322,0.8331860641252209,0.011844652023899688,1451.3788818367675,0.3691332195940366,4.289977031251211,4.659110250845248,10.642759301442615,0.07922826456555071,0.8331229487503156,0.011844652023899688,-0.0014521347908225124,-6.311537490533148e-05,0.0,1451.5668417930783,0.3759298740834068,4.283564589037527,4.659494463120934,10.649152612233072,0.08068039935637322,0.8331860641252209,0.011844652023899688,1451.5668417930783,0.3759298740834068,4.283564589037527,4.659494463120934,10.649152612233072,0.08068039935637322,0.8331860641252209,0.011844652023899688,0.0,0.0,0.0,1451.5668417930783,0.3759298740834068,4.283564589037527,4.659494463120934,10.649152612233072,0.08068039935637322,0.8331860641252209,0.011844652023899688,1451.5668417930783,0.3759298740834068,4.283564589037527,4.659494463120934,10.649152612233072,0.08068039935637322,0.8331860641252209,0.011844652023899688,0.0,0.0,0.0
36,1455.5758485953772,0.42599950259032504,4.329675770591801,4.755675273182126,10.983091532898024,0.0895770796195005,0.835844768078121,0.01374273928781884,1455.3768446064048,0.418561023535449,4.336559193928996,4.7551202174644445,10.969428304308284,0.08802322641563766,0.8357605859079047,0.01374273928781884,-0.0015538532038628372,-8.418217021632923e-05,0.0,1455.5758485953772,0.42599950259032504,4.329675770591801,4.755675273182126,10.983091532898024,0.0895770796195005,0.835844768078121,0.01374273928781884,1455.5758485953772,0.42599950259032504,4.329675770591801,4.755675273182126,10.983091532898024,0.0895770796195005,0.835844768078121,0.01374273928781884,0.0,0.0,0.0,1455.5758485953772,0.42599950259032504,4.329675770591801,4.755675273182126,10.983091532898024,0.0895770796195005,0.835844768078121,0.01374273928781884,1455.5758485953772,0.42599950259032504,4.329675770591801,4.755675273182126,10.983091532898024,0.0895770796195005,0.835844768078121,0.01374273928781884,0.0,0.0,0.0
37,1456.1221026444923,0.47309478472089816,4.366657085377992,4.8397518700988895,11.379025104326079,0.09775186774425101,0.8357162409719736,0.015371333515824051,1455.7949418094051,0.46477551710480514,4.374048064811451,4.838823581916255,11.357408355859508,0.0960513457944144,0.8355688446231918,0.015392390137078604,-0.0017005219498366086,-0.00014739634878180308,2.105662125455321e-05,1456.1221026444923,0.47309478472089816,4.366657085377992,4.8397518700988895,11.379025104326079,0.09775186774425101,0.8357162409719736,0.015371333515824051,1456.1221026444923,0.47309478472089816,4.366657085377992,4.8397518700988895,11.379025104326079,0.09775186774425101,0.8357162409719736,0.015371333515824051,0.0,0.0,0.0,1456.1221026444923,0.47309478472089816,4.366657085377992,4.8397518700988895,11.379025104326079,0.09775186774425101,0.8357162409719736,0.015371333515824051,1456.1221026444923,0.47309478472089816,4.366657085377992,4.8397518700988895,11.379025104326079,0.09775186774425101,0.8357162409719736,0.015371333515824051,0.0,0.0,0.0
38,1457.8781067140828,0.5120411752822186,4.4047178188648655,4.916758994147084,11.820676428298368,0.10414201222629643,0.8383087197421366,0.016769545157688498,1457.3898942264718,0.5026030223457523,4.412725309962258,4.91532833230801,11.790112501455987,0.10225217693845351,0.8380559125287041,0.01679061242547454,-0.0018898352878429225,-0.00025280721343245993,2.1067267786042954e-05,1457.8781067140828,0.5120411752822186,4.4047178188648655,4.916758994147084,11.820676428298368,0.10414201222629643,0.8383087197421366,0.016769545157688498,1457.8781067140828,0.5120411752822186,4.4047178188648655,4.916758994147084,11.820676428298368,0.10414201222629643,0.8383087197421366,0.016769545157688498,0.0,0.0,0.0,1457.8781067140828,0.5120411752822186,4.4047178188648655,4.916758994147084,11.820676428298368,0.10414201222629643,0.8383087197421366,0.016769545157688498,1457.8781067140828,0.5120411752822186,4.4047178188648655,4.916758994147084,11.820676428298368,0.10414201222629643,0.8383087197421366,0.016769545157688498,0.0,0.0,0.0
39,1459.8854759764608,0.5345635127856075,4.437991850648807,4.972555363434414,12.307311139032334,0.10750277748871528,0.8392706576728499,0.018275716694772345,1459.2533328170048,0.5240389647931945,4.446596235193925,4.97063519998712,12.26669395640664,0.10542696128546154,0.8389544688026982,0.01829679595278246,-0.0020758162032537414,-0.0003161888701517235,2.107925801011698e-05,1459.8854759764608,0.5345635127856075,4.437991850648807,4.972555363434414,12.307311139032334,0.10750277748871528,0.8392706576728499,0.018275716694772345,1459.8854759764608,0.5345635127856075,4.437991850648807,4.972555363434414,12.307311139032334,0.10750277748871528,0.8392706576728499,0.018275716694772345,0.0,0.0,0.0,1459.8854759764608,0.5345635127856075,4.437991850648807,4.972555363434414,12.307311139032334,0.10750277748871528,0.8392706576728499,0.018275716694772345,1459.8854759764608,0.5345635127856075,4.437991850648807,4.972555363434414,12.307311139032334,0.10750277748871528,0.8392706576728499,0.018275716694772345,0.0,0.0,0.0
40,1457.4201667765215,0.5718642907879528,4.45970976097203,5.031574051759983,12.828691447656285,0.11365514745587847,0.8370876571332152,0.020332405298236732,1456.7432654088489,0.5602195523210887,4.4689891876154455,5.029208739936534,12.77684955375347,0.11139317958159724,0.8367501898253606,0.02035349700497764,-0.0022619678742812344,-0.00033746730785455537,2.109170674090971e-05,1457.4201667765215,0.5718642907879528,4.45970976097203,5.031574051759983,12.828691447656285,0.11365514745587847,0.8370876571332152,0.020332405298236732,1457.4201667765215,0.5718642907879528,4.45970976097203,5.031574051759983,12.828691447656285,0.11365514745587847,0.8370876571332152,0.020332405298236732,0.0,0.0,0.0,1457.4201667765215,0.5718642907879528,4.45970976097203,5.031574051759983,12.828691447656285,0.11365514745587847,0.8370876571332152,0.020332405298236732,1457.4201667765215,0.5718642907879528,4.45970976097203,5.031574051759983,12.828691447656285,0.11365514745587847,0.8370876571332152,0.020332405298236732,0.0,0.0,0.0
41,1460.145040746826,0.5980296235521487,4.48315473825133,5.081184361803478,13.386007595203655,0.11769492719998227,0.8351553266925544,0.022729191288198548,1459.321104762863,0.5851747966897134,4.493099487511692,5.078274284201405,13.321823608270373,0.11523103399715959,0.8347754516292419,0.022750295458382575,-0.002463893202822684,-0.0003798750633124959,2.110417018402755e-05,1460.145040746826,0.5980296235521487,4.48315473825133,5.081184361803478,13.386007595203655,0.11769492719998227,0.8351553266925544,0.022729191288198548,1460.145040746826,0.5980296235521487,4.48315473825133,5.081184361803478,13.386007595203655,0.11769492719998227,0.8351553266925544,0.022729191288198548,0.0,0.0,0.0,1460.145040746826,0.5980296235521487,4.48315473825133,5.081184361803478,13.386007595203655,0.11769492719998227,0.8351553266925544,0.022729191288198548,1460.145040746826,0.5980296235521487,4.48315473825133,5.081184361803478,13.386007595203655,0.11769492719998227,0.8351553266925544,0.022729191288198548,0.0,0.0,0.0
42,1453.9177559311343,0.6212108524522123,4.496071089744282,5.117281942196494,13.981570203752945,0.12139468949908387,0.8329320831221491,0.0251098158472715,1453.3617897314284,0.6076212279965765,4.506789449424004,5.11441067742058,13.903712438051443,0.11880571708469573,0.8326786619361378,0.025130934279439094,-0.0025889724143881437,-0.00025342118601123786,2.1118432167593904e-05,1453.9177559311343,0.6212108524522123,4.496071089744282,5.117281942196494,13.981570203752945,0.12139468949908387,0.8329320831221491,0.0251098158472715,1453.9177559311343,0.6212108524522123,4.496071089744282,5.117281942196494,13.981570203752945,0.12139468949908387,0.8329320831221491,0.0251098158472715,0.0,0.0,0.0,1453.9177559311343,0.6212108524522123,4.496071089744282,5.117281942196494,13.981570203752945,0.12139468949908387,0.8329320831221491,0.0251098158472715,1453.9177559311343,0.6212108524522123,4.496071089744282,5.117281942196494,13.981570203752945,0.12139468949908387,0.8329320831221491,0.0251098158472715,0.0,0.0,0.0
43,1456.6286589413205,0.6422658504662373,4.513408969076399,5.155674819542637,14.595846482982488,0.12457454609660838,0.8303537466717383,0.028527957398250287,1456.0323334901166,0.6274647899460106,4.524891024365505,5.152355814311516,14.503584218675028,0.12178211531958331,0.8300790330079033,0.028570221038840285,-0.002792430777025068,-0.0002747136638350245,4.226364058999843e-05,1456.6286589413205,0.6422658504662373,4.513408969076399,5.155674819542637,14.595846482982488,0.12457454609660838,0.8303537466717383,0.028527957398250287,1456.6286589413205,0.6422658504662373,4.513408969076399,5.155674819542637,14.595846482982488,0.12457454609660838,0.8303537466717383,0.028527957398250287,0.0,0.0,0.0,1456.6286589413205,0.6422658504662373,4.513408969076399,5.155674819542637,14.595846482982488,0.12457454609660838,0.8303537466717383,0.028527957398250287,1456.6286589413205,0.6422658504662373,4.513408969076399,5.155674819542637,14.595846482982488,0.12457454609660838,0.8303537466717383,0.028527957398250287,0.0,0.0,0.0
44,1449.9832246912204,0.661610841069954,4.527173127894431,5.188783968964385,15.237119724382806,0.1275078795007153,0.8274753626866302,0.031594975256947086,1449.3978799010556,0.6455812890283467,4.539559689827152,5.185140978855499,15.129079124529673,0.12450602436095072,0.827221587784968,0.03163727107389079,-0.0030018551397645726,-0.00025377490166222927,4.229581694370488e-05,1449.9832246912204,0.661610841069954,4.527173127894431,5.188783968964385,15.237119724382806,0.1275078795007153,0.8274753626866302,0.031594975256947086,1449.9832246912204,0.6616647446553803,4.527173127894431,5.188837872549812,15.237119724382806,0.1275169432746674,0.8274753626866302,0.031594975256947086,9.063773952100451e-06,0.0,0.0,1449.9832246912204,0.661610841069954,4.527173127894431,5.188783968964385,15.237119724382806,0.1275078795007153,0.8274753626866302,0.031594975256947086,1449.9832246912204,0.661610841069954,4.527173127894431,5.188783968964385,15.237119724382806,0.1275078795007153,0.8274753626866302,0.031594975256947086,0.0,0.0,0.0
45,1445.124053586679,0.6709053519124565,4.542013883394712,5.212919235307168,15.901600419917541,0.12870050764807672,0.8224983594064227,0.03537331442240522,1444.3240175065216,0.6535202402943391,4.555077145581678,5.208597385876017,15.776742361151701,0.12546952507146522,0.8220961493681068,0.03552149706810051,-0.003230982576611502,-0.00040221003831586444,0.00014818264569529255,1445.124053586679,0.6709053519124565,4.542013883394712,5.212919235307168,15.901600419917541,0.12870050764807672,0.8224983594064227,0.03537331442240522,1444.6745570442088,0.6515866855568565,4.560376476900332,5.211963162457189,15.883291783628215,0.12501751552090112,0.8223290078113423,0.03547915916933043,-0.0036829921271755994,-0.00016935159508035813,0.00010584474692520995,1445.124053586679,0.6709053519124565,4.542013883394712,5.212919235307168,15.901600419917541,0.12870050764807672,0.8224983594064227,0.03537331442240522,1445.124053586679,0.6709053519124565,4.542013883394712,5.212919235307168,15.901600419917541,0.12870050764807672,0.8224983594064227,0.03537331442240522,0.0,0.0,0.0
46,1442.9667551606083,0.6913337761671812,4.539103108491438,5.2304368846586184,16.597395845004225,0.13217514930634772,0.8196808172434987,0.03838246826187398,1442.119763927837,0.6724373221458367,4.553110576395203,5.2255478985410395,16.454055149384594,0.12868264442348326,0.8192569357607613,0.038594409003242694,-0.0034925048828644556,-0.00042388148273742043,0.00021194074136871716,1442.9667551606083,0.6913337761671812,4.539103108491438,5.2304368846586184,16.597395845004225,0.13217514930634772,0.8196808172434987,0.03838246826187398,1442.2979483048919,0.6704863111923628,4.558188107724635,5.228674418916998,16.559023271961994,0.12823256096546912,0.8193629061314457,0.03857321492910582,-0.0039425883408786,-0.00031791111205303757,0.00019074666723184475,1442.9667551606083,0.6913337761671812,4.539103108491438,5.2304368846586184,16.597395845004225,0.13217514930634772,0.8196808172434987,0.03838246826187398,1442.9667551606083,0.6913337761671812,4.539103108491438,5.2304368846586184,16.597395845004225,0.13217514930634772,0.8196808172434987,0.03838246826187398,0.0,0.0,0.0
47,1439.0641067126196,0.7062961527957908,4.544322296690817,5.250618449486608,17.303556447936618,0.13451675447200903,0.8152713540119659,0.04192302796282938,1437.695236967807,0.6854640802483334,4.559096462442055,5.244560542690388,17.14039850246359,0.13070000330222134,0.8145924385793695,0.04232613400093351,-0.003816751169787691,-0.0006789154325964608,0.00040310603810413126,1439.0641067126196,0.7062961527957908,4.544322296690817,5.250618449486608,17.303556447936618,0.13451675447200903,0.8152713540119659,0.04192302796282938,1437.8743099693656,0.6834472911463435,4.564156496812105,5.2476037879584485,17.24354548507636,0.13023988066984662,0.8146985191157127,0.04230491789366487,-0.004276873802162406,-0.0005728348962532603,0.0003818899308354884,1439.0641067126196,0.7062961527957908,4.544322296690817,5.250618449486608,17.303556447936618,0.13451675447200903,0.8152713540119659,0.04192302796282938,1439.0641067126196,0.7062961527957908,4.544322296690817,5.250618449486608,17.303556447936618,0.13451675447200903,0.8152713540119659,0.04192302796282938,0.0,0.0,0.0
48,1432.818069211342,0.7242283609840534,4.5386517702189115,5.262880131202965,18.038800484238273,0.13761065099890707,0.8105312347331082,0.046029015059793114,1431.292242002748,0.7019659564287399,4.554268902890772,5.2562348593195125,17.853769813027814,0.13354919923034383,0.8097240808003568,0.04662376006287304,-0.0040614517685632345,-0.0008071539327513255,0.0005947450030799259,1432.818069211342,0.7242283609840534,4.5386517702189115,5.262880131202965,18.038800484238273,0.13761065099890707,0.8105312347331082,0.046029015059793114,1431.3402874469969,0.6997630166665828,4.559261324159526,5.25902434082611,17.95509167627944,0.13305947478399788,0.8097878034792583,0.046602519169905904,-0.004551176214909192,-0.0007434312538499022,0.0005735041101127894,1432.818069211342,0.7242283609840534,4.5386517702189115,5.262880131202965,18.038800484238273,0.13761065099890707,0.8105312347331082,0.046029015059793114,1432.818069211342,0.7242283609840534,4.5386517702189115,5.262880131202965,18.038800484238273,0.13761065099890707,0.8105312347331082,0.046029015059793114,0.0,0.0,0.0
49,1421.8813723773035,0.7272536613881082,4.531630844044923,5.258884505433031,18.80176917763003,0.13829047978459535,0.8037313591592742,0.049715999744718874,1420.1872250312372,0.7032065478966603,4.548184051862962,5.251390599759622,18.593246439211907,0.13390863515824722,0.8027102346459039,0.05041802284766099,-0.004381844626348136,-0.0010211245133703306,0.0007020231029421162,1421.8813723773035,0.7272536613881082,4.531630844044923,5.258884505433031,18.80176917763003,0.13829047978459535,0.8037313591592742,0.049715999744718874,1420.30737502425,0.7011630934916291,4.553103453717591,5.25426654720922,18.69259784808488,0.1334464262883749,0.8027953283553513,0.050396749420299106,-0.0048440534962204684,-0.0009360308039229048,0.000680749675580232,1421.8813723773035,0.7272536613881082,4.531630844044923,5.258884505433031,18.80176917763003,0.13829047978459535,0.8037313591592742,0.049715999744718874,1421.8813723773035,0.7272536613881082,4.531630844044923,5.258884505433031,18.80176917763003,0.13829047978459535,0.8037313591592742,0.049715999744718874,0.0,0.0,0.0
50,1420.0902491192658,0.736851621495791,4.525226024113638,5.26207764560943,19.56981328594607,0.14003054898108638,0.7984317736299327,0.05288502514275974,1418.0226964345686,0.7106755082555317,4.5427578496333165,5.253433357888849,19.335919191064317,0.13527829513404632,0.7973024801840961,0.05367339981249467,-0.004752253847040061,-0.0011292934458365655,0.0007883746697349356,1420.0902491192658,0.736851621495791,4.525226024113638,5.26207764560943,19.56981328594607,0.14003054898108638,0.7984317736299327,0.05288502514275974,1418.134120526593,0.7085313856292631,4.547678308260088,5.256209693889351,19.43338945387825,0.13479891916278985,0.7973664024546152,0.053652092388988326,-0.005231629818296529,-0.0010653711753174644,0.0007670672462285894,1420.0902491192658,0.736851621495791,4.525226024113638,5.26207764560943,19.56981328594607,0.14003054898108638,0.7984317736299327,0.05288502514275974,1420.0902491192658,0.736851621495791,4.525226024113638,5.26207764560943,19.56981328594607,0.14003054898108638,0.7984317736299327,0.05288502514275974,0.0,0.0,0.0
51,1424.6416367916158,0.7671403424155862,4.504326506297674,5.271466848713261,20.367030203499773,0.14552692152523758,0.7987150205980917,0.05575359132532178,1421.996889398389,0.7383161905627559,4.5230960439796615,5.261412234542417,20.105293188156057,0.14032661909962793,0.797263548848428,0.056820849964780464,-0.005200302425609649,-0.0014514717496637575,0.001067258639458682,1424.6416367916158,0.7671403424155862,4.504326506297674,5.271466848713261,20.367030203499773,0.14552692152523758,0.7987150205980917,0.05575359132532178,1422.1405348164742,0.736351411805584,4.527841237573492,5.264192649379077,20.20097219519744,0.13987926750599416,0.7973275843667954,0.05679950479199129,-0.005647654019243414,-0.001387436231296335,0.001045913466669511,1424.6416367916158,0.7671403424155862,4.504326506297674,5.271466848713261,20.367030203499773,0.14552692152523758,0.7987150205980917,0.05575359132532178,1424.6416367916158,0.7671403424155862,4.504326506297674,5.271466848713261,20.367030203499773,0.14552692152523758,0.7987150205980917,0.05575359132532178,0.0,0.0,0.0
52,1420.7772555731754,0.7931194602576426,4.478862557709727,5.271982017967369,21.197529365605444,0.15044047144975514,0.7951124604464209,0.058667578893355,1417.4648092006876,0.7618386698361154,4.498610631180851,5.260449301016966,20.9055414060304,0.1448238783878849,0.7932523732147438,0.060057299238860856,-0.005616593061870234,-0.0018600872316770767,0.001389720345505857,1420.7772555731754,0.7931194602576426,4.478862557709727,5.271982017967369,21.197529365605444,0.15044047144975514,0.7951124604464209,0.058667578893355,1417.5759861351212,0.7597493755773299,4.503349941464195,5.263099317041525,20.99942390275768,0.14435398798523863,0.7933165141537672,0.060035918925853075,-0.006086483464516512,-0.0017959462926536718,0.0013683400324980763,1420.7772555731754,0.7931194602576426,4.478862557709727,5.271982017967369,21.197529365605444,0.15044047144975514,0.7951124604464209,0.058667578893355,1420.7772555731754,0.7931194602576426,4.478862557709727,5.271982017967369,21.197529365605444,0.15044047144975514,0.7951124604464209,0.058667578893355,0.0,0.0,0.0
53,1414.0021949838124,0.7930743704095369,4.4594246318882576,5.252499002297794,22.052868099059026,0.15098991357496558,0.7885583327978753,0.06204887660905138,1410.2572221586804,0.7590892841713356,4.480547477762626,5.239636761933961,21.72768464453277,0.1448744099373702,0.786523592280837,0.063676669022682,-0.0061155036375953875,-0.002034740517038336,0.0016277924136306188,1414.0021949838124,0.7930743704095369,4.4594246318882576,5.252499002297794,22.052868099059026,0.15098991357496558,0.7885583327978753,0.06204887660905138,1410.3149033245918,0.756999564404866,4.485178019241256,5.242177583646122,21.81975822364847,0.14440555519646203,0.786545010602069,0.06365525070145002,-0.0065843583785035464,-0.0020133221958062997,0.001606374092398638,1414.0021949838124,0.7930743704095369,4.4594246318882576,5.252499002297794,22.052868099059026,0.15098991357496558,0.7885583327978753,0.06204887660905138,1414.0021949838124,0.7930743704095369,4.4594246318882576,5.252499002297794,22.052868099059026,0.15098991357496558,0.7885583327978753,0.06204887660905138,0.0,0.0,0.0
54,1395.0735863393093,0.7821657435762666,4.433442655126002,5.215608398702268,22.928098652531737,0.14996634788970786,0.7743908983578405,0.06497799720940217,1390.8531822912578,0.7453823264403778,4.456059310397934,5.201441636838311,22.566681622703115,0.14330302606133968,0.7720510894064613,0.06680261886873456,-0.006663321828368179,-0.0023398089513791964,0.0018246216593323927,1395.0735863393093,0.7821657435762666,4.433442655126002,5.215608398702268,22.928098652531737,0.14996634788970786,0.7743908983578405,0.06497799720940217,1390.8644633126162,0.7431865617689345,4.460643196544183,5.203829758313117,22.656923361978187,0.14281531031673242,0.77207255554363,0.06678115273156596,-0.007151037572975444,-0.0023183428142105056,0.0018031555221637852,1395.0735863393093,0.7821657435762666,4.433442655126002,5.215608398702268,22.928098652531737,0.14996634788970786,0.7743908983578405,0.06497799720940217,1395.0735863393093,0.7822467166519621,4.433442655126002,5.215689371777964,22.928098652531737,0.14997954458037516,0.7743908983578405,0.06497799720940217,1.319669066729423e-05,0.0,0.0
55,1355.1112032350761,0.7450946817347405,4.392966218228606,5.138060899963347,23.820124052211526,0.14501476261989338,0.746846885626964,0.0675605871464853,1349.726323082146,0.7039163686530604,4.417140939271493,5.121057307924554,23.41936951020149,0.13745528048744712,0.7437906245964444,0.06962679178683655,-0.007559482132446255,-0.0030562610305195914,0.0020662046403512463,1355.1112032350761,0.7450946817347405,4.392966218228606,5.138060899963347,23.820124052211526,0.14501476261989338,0.746846885626964,0.0675605871464853,1349.769211070009,0.701830055713905,4.421673023403186,5.123503079117092,23.507712950386804,0.13698246002320114,0.7438121475614481,0.06960526882183289,-0.008032302596692242,-0.0030347380655159073,0.00204468167534759,1355.1112032350761,0.7450946817347405,4.392966218228606,5.138060899963347,23.820124052211526,0.14501476261989338,0.746846885626964,0.0675605871464853,1353.1338203457979,0.6978030937040471,4.436601700338056,5.134404794042103,23.776569757539797,0.13590730020230754,0.7458137833067884,0.06779733976152555,-0.009107462417585838,-0.0010331023201756162,0.0002367526150402477
56,1373.5385448492893,0.7660321030080648,4.377211073474088,5.143243176482153,24.65095606615012,0.14893950698477593,0.7576712269647404,0.08670320659444995,1365.6498886898466,0.7189112757149027,4.404064595308938,5.122975871023841,24.205261518199617,0.14033079479861502,0.7531397004876785,0.09101894609641362,-0.00860871218616091,-0.004531526477061898,0.004315739501963664,1373.5385448492893,0.7660321030080648,4.377211073474088,5.143243176482153,24.65095606615012,0.14893950698477593,0.7576712269647404,0.08670320659444995,1365.526555421793,0.7163999041539426,4.4086088820335885,5.125008786187531,24.29174203709129,0.1397851075074681,0.7531181217901688,0.09097578870139399,-0.00915439947730784,-0.004553105174571637,0.004272582106944034,1373.5385448492893,0.7660321030080648,4.377211073474088,5.143243176482153,24.65095606615012,0.14893950698477593,0.7576712269647404,0.08670320659444995,1367.7185839313013,0.71087303208211,4.423403930793486,5.134276962875597,24.5574305595633,0.13845630791291894,0.7544991584307971,0.08931422899313797,-0.010483199071856991,-0.003172068533943362,0.0026110223986880177
57,1377.9484082513807,0.7950597857397964,4.338429465641232,5.133489251381028,25.555324872540737,0.15487707226150457,0.760763167013167,0.10310550935550936,1366.875036797128,0.7393210485412386,4.369069771632547,5.108390820173785,25.057045956777745,0.1447267984316218,0.7544395356895357,0.10977564102564102,-0.010150273829882761,-0.00632363132363134,0.006670131670131668,1377.9484082513807,0.7950597857397964,4.338429465641232,5.133489251381028,25.555324872540737,0.15487707226150457,0.760763167013167,0.10310550935550936,1366.734047831738,0.7370245429494571,4.373449176685841,5.110473719635298,25.14149817116702,0.14421843910823473,0.7543529106029107,0.10977564102564102,-0.010658633153269842,-0.0064102564102563875,0.006670131670131668,1377.9484082513807,0.7950597857397964,4.338429465641232,5.133489251381028,25.555324872540737,0.15487707226150457,0.760763167013167,0.10310550935550936,1369.0639690474172,0.731806774569176,4.388030533186295,5.11983730775547,25.402863633105486,0.14293555255371954,0.7556955994455995,0.10823804573804574,-0.011941519707785037,-0.0050675675675675436,0.0051325363825363846
58,1361.3893790089935,0.7484462868222215,4.341363501065598,5.08980978788782,26.454433330056794,0.14704798764843693,0.7508260151291192,0.11903312755412573,1348.2914148759553,0.686067914406022,4.375354865618271,5.0614227800242935,25.89510389479451,0.13554843059419924,0.7433266672463265,0.1277932353708373,-0.011499557054237691,-0.007499347882792717,0.008760107816711576,1361.3893790089935,0.7484462868222215,4.341363501065598,5.08980978788782,26.454433330056794,0.14704798764843693,0.7508260151291192,0.11903312755412573,1348.2421363403078,0.6837290787213303,4.379841634399921,5.063570713121252,25.97747670200286,0.13502903730554808,0.7433266672463265,0.1277932353708373,-0.012018950342888857,-0.007499347882792717,0.008760107816711576,1361.3893790089935,0.7484462868222215,4.341363501065598,5.08980978788782,26.454433330056794,0.14704798764843693,0.7508260151291192,0.11903312755412573,1350.0371591915625,0.6775760318882832,4.394486743540662,5.072062775428945,26.234575839668157,0.13358983551440382,0.7443700547778455,0.12631510303451873,-0.013458152134033119,-0.006455960351273715,0.007281975480392999
59,1341.0764450130587,0.7429891629363126,4.312832671916292,5.055821834852605,27.361522254886257,0.14695714904636734,0.7411959915289391,0.13326637993144555,1325.913457030702,0.6738804195455949,4.350391863564513,5.0242722831101085,26.73366279565108,0.13412498001172254,0.7326594327882453,0.14429185861188132,-0.012832169034644791,-0.008536558740693811,0.011025478680435769,1341.0764450130587,0.7429891629363126,4.312832671916292,5.055821834852605,27.361522254886257,0.14695714904636734,0.7411959915289391,0.13326637993144555,1325.913457030702,0.6715948523115955,4.354783943380671,5.026378795692266,26.81416252913685,0.13361405489120107,0.7326594327882453,0.14429185861188132,-0.013343094155166269,-0.008536558740693811,0.011025478680435769,1341.0764450130587,0.7429891629363126,4.312832671916292,5.055821834852605,27.361522254886257,0.14695714904636734,0.7411959915289391,0.13326637993144555,1327.7098716617622,0.6653382171054328,4.36934865879646,5.034686875901892,27.066357407183077,0.13215086330195003,0.7337292317097134,0.14291640285570814,-0.014806285744417308,-0.007466759819225732,0.009650022924262591
60,1316.4429769374256,0.6566033823616775,4.340099615731299,4.996702998092976,28.211086637090173,0.1314073265135579,0.7282196346731574,0.1463500208319628,1301.1604717390953,0.5830912552693637,4.381429294211803,4.964520549481167,27.50745204492729,0.11745167523383532,0.7197114224941341,0.16038418525097034,-0.013955651279722592,-0.008508212179023311,0.014034164419007539,1316.4429769374256,0.6566033823616775,4.340099615731299,4.996702998092976,28.211086637090173,0.1314073265135579,0.7282196346731574,0.1463500208319628,1301.090223281715,0.5806967087825393,4.3857792666187425,4.9664759754012815,27.58607060285058,0.11692328960387655,0.7196675657303248,0.16040611363287502,-0.014484036909681364,-0.008552068942832669,0.014056092800912218,1316.4429769374256,0.6566033823616775,4.340099615731299,4.996702998092976,28.211086637090173,0.1314073265135579,0.7282196346731574,0.1463500208319628,1302.6454769698462,0.5742089630403175,4.4002461081138655,4.974455071154183,27.83325098952003,0.11543153065549519,0.7206324145341315,0.15909041071859306,-0.01597579585806272,-0.0075872201390259075,0.01274038988663026
61,1272.7709136075507,0.5642112234969143,4.345515327139779,4.909726550636693,29.018879686558215,0.11491703614812264,0.7034710743801653,0.15784022038567494,1261.9446951338848,0.49512097685049344,4.390667728202849,4.885788705053342,28.234191470506147,0.10133900721871021,0.697939393939394,0.1753388429752066,-0.013578028929412428,-0.005531680440771347,0.017498622589531665,1272.7709136075507,0.5642112234969143,4.345515327139779,4.909726550636693,29.018879686558215,0.11491703614812264,0.7034710743801653,0.15784022038567494,1261.7514029652673,0.49247176414582516,4.395064700626242,4.887536464772067,28.31077447606148,0.10076073451224714,0.6978512396694215,0.17538292011019282,-0.014156301635875501,-0.005619834710743787,0.017542699724517885,1272.7709136075507,0.5642112234969143,4.345515327139779,4.909726550636693,29.018879686558215,0.11491703614812264,0.7034710743801653,0.15784022038567494,1263.399610022434,0.4857671923637837,4.409800036661587,4.895567229025371,28.55248399650225,0.09922592615697613,0.6988209366391185,0.17399449035812672,-0.015691109991146507,-0.004650137741046834,0.016154269972451785
62,1212.143973602341,0.4109709238897643,4.363024855998781,4.773995779888545,29.738306392265713,0.08608531361109811,0.6713788748310474,0.1703042254769449,1223.8122878531105,0.37570310721968847,4.412160109790636,4.787863217010325,28.87615584068868,0.07846989151337701,0.6780483481420753,0.19024617225410473,-0.007615422097721106,0.0066694733110278515,0.019941946777159825,1212.143973602341,0.4109709238897643,4.363024855998781,4.773995779888545,29.738306392265713,0.08608531361109811,0.6713788748310474,0.1703042254769449,1223.6085859130794,0.37301787321394636,4.416528482630468,4.789546355844414,28.95054180978787,0.07788167093502991,0.6779375595488688,0.1903126454100286,-0.008203642676068199,0.006558684717821395,0.020008419933083693,1212.143973602341,0.4109709238897643,4.363024855998781,4.773995779888545,29.738306392265713,0.08608531361109811,0.6713788748310474,0.1703042254769449,1224.9096932253212,0.36611738609684946,4.430944167622134,4.797061553718984,29.187218658621262,0.07632117745352095,0.6788017105758791,0.18904965544747512,-0.009764136157577166,0.007422835744831713,0.01874542997053022
63,1173.056226316994,0.19728878014786003,4.467275049560634,4.664563829708494,30.249627235887587,0.0422952257382207,0.6522776427568062,0.18660393765747285,1175.8611624931655,0.23846525991660217,4.425960344718254,4.664425604634856,29.438021564053507,0.05112424982824223,0.6536300392436675,0.20462450945415625,0.00882902409002153,0.0013523964868612515,0.0180205717966834,1173.056226316994,0.19728878014786003,4.467275049560634,4.664563829708494,30.249627235887587,0.0422952257382207,0.6522776427568062,0.18660393765747285,1175.5398063972332,0.23541063337071952,4.430298559280192,4.665709192650911,29.51023306559106,0.05045548782627117,0.6534516589368534,0.20469140206921155,0.008160262088050471,0.0011740161800471993,0.018087464411738696,1173.056226316994,0.19728878014786003,4.467275049560634,4.664563829708494,30.249627235887587,0.0422952257382207,0.6522776427568062,0.18660393765747285,1176.633068418825,0.2277004623164192,4.44505297687599,4.67275343919241,29.741214707140553,0.04872939804754016,0.6541205850874063,0.20353193007491974,0.006434172309319461,0.001842942330600117,0.016927992417446885
64,1109.45587566325,0.03311490592561837,4.478948305942842,4.51206321186846,30.677225076974846,0.007339193705999827,0.6174250932123445,0.19882305377116932,1108.8762434471234,0.07099992136391638,4.4357802234197345,4.50678014478365,29.903387412195872,0.015754023733794708,0.6167340521114106,0.21525157232704403,0.00841483002779488,-0.0006910411009338757,0.01642851855587471,1109.45587566325,0.03311490592561837,4.478948305942842,4.51206321186846,30.677225076974846,0.007339193705999827,0.6174250932123445,0.19882305377116932,1108.6261494781613,0.06803162568323567,4.440163386246683,4.508195011929918,29.97304162241015,0.015090657237143772,0.616644204851752,0.21531895777178797,0.007751463531143945,-0.0007808883605925354,0.01649590400061865,1109.45587566325,0.03311490592561837,4.478948305942842,4.51206321186846,30.677225076974846,0.007339193705999827,0.6174250932123445,0.19882305377116932,1109.6004569101112,0.05995460087154332,4.454859299105759,4.514813899977302,30.198126333090666,0.013279528724726559,0.6171608265947889,0.21417340521114106,0.005940335018726732,-0.00026426661755563075,0.015350351439971738
65,908.4559315448755,-0.3051371945776787,4.531768370445814,4.226631175868135,30.917271402316793,-0.07219394876937767,0.5092584208620066,0.3930641072075335,905.92636118237,-0.27432336963674425,4.48786657777113,4.213543208134386,30.175909786830193,-0.06510515167072545,0.5074478199846063,0.3990356318196224,0.007088797098652219,-0.001810600877400259,0.005971524612088941,908.4559315448755,-0.3051371945776787,4.531768370445814,4.226631175868135,30.917271402316793,-0.07219394876937767,0.5092584208620066,0.3930641072075335,905.5280124354314,-0.2778730745632709,4.492328986831456,4.2144559122681855,30.24307503154164,-0.06593332101408125,0.5072440802281886,0.3992393715760402,0.0062606277552964135,-0.0020143406338180014,0.006175264368506739,908.4559315448755,-0.3051371945776787,4.531768370445814,4.226631175868135,30.917271402316793,-0.07219394876937767,0.5092584208620066,0.3930641072075335,905.4485837908115,-0.288132808348458,4.507251434329382,4.219118625980925,30.461673631811188,-0.06829217992927812,0.5072214424774755,0.39885452981391767,0.0039017688400995454,-0.0020369783845310963,0.005790422606384182
66,721.3367164729895,-0.6353841637421421,4.5652316895497895,3.929847525807648,30.892051939477287,-0.16168163257467866,0.40688268360678215,0.5164297792605457,719.9194833656811,-0.603792755487957,4.519015289055692,3.915222533567735,30.1766637756458,-0.15421671445524518,0.40569012797074955,0.5196069469835466,0.007464918119433478,-0.0011925556360325995,0.0031771677230009177,721.3367164729895,-0.6353841637421421,4.5652316895497895,3.929847525807648,30.892051939477287,-0.16168163257467866,0.40688268360678215,0.5164297792605457,719.7792254492238,-0.606861046343037,4.5234189878207784,3.916557941477741,30.24098510629232,-0.15494754716026607,0.4056215722120658,0.5197440585009141,0.006734085414412588,-0.0012611113947163521,0.003314279240368423,721.3367164729895,-0.6353841637421421,4.5652316895497895,3.929847525807648,30.892051939477287,-0.16168163257467866,0.40688268360678215,0.5164297792605457,719.1537069381814,-0.617751864017626,4.53846616831322,3.9207143042955943,30.451314874023485,-0.15756105037819454,0.40537020109689215,0.5198354661791591,0.004120582196484118,-0.0015124825098900008,0.0034056869186134264
67,526.5720181429677,-1.008240334568397,4.641976146448175,3.633735811879778,30.49531128567684,-0.2774666037283601,0.29948090898604224,0.6426808167031953,525.3975566317374,-0.9728614289501218,4.5931003282957095,3.6202388993455874,29.80785241942739,-0.26872851654236996,0.29864796271514926,0.6448018088689954,0.008738087185990118,-0.0008329462708929758,0.002120992165800084,526.5720181429677,-1.008240334568397,4.641976146448175,3.633735811879778,30.49531128567684,-0.2774666037283601,0.29948090898604224,0.6426808167031953,524.9645645926829,-0.9765799570366744,4.597602612015134,3.6210226549784594,29.86964075506232,-0.269697278942455,0.2984172396289973,0.644986387337917,0.007769324785905085,-0.0010636693570449385,0.0023055706347216987,526.5720181429677,-1.008240334568397,4.641976146448175,3.633735811879778,30.49531128567684,-0.2774666037283601,0.29948090898604224,0.6426808167031953,524.5437071860451,-0.9865536057704535,4.611638322167636,3.6250847163971818,30.072162999003613,-0.2721463587617746,0.2983018780859213,0.6451478934982234,0.005320244966585452,-0.0011790309001209476,0.0024670767950281114
68,375.03707416167543,-1.2374163188070555,4.625161878860287,3.3877455600532316,29.88398852809143,-0.3652624723055093,0.21520612540267986,0.7452962323171016,374.90416131160674,-1.2008436909504743,4.575682706184095,3.3748390152336207,29.224193170087855,-0.3558225105049483,0.215057779852924,0.7460254464806817,0.009439961800561003,-0.00014834554975584613,0.000729214163580072,375.03707416167543,-1.2374163188070555,4.625161878860287,3.3877455600532316,29.88398852809143,-0.3652624723055093,0.21520612540267986,0.7452962323171016,374.6918879008311,-1.2040993803518283,4.580244915538412,3.376145535186584,29.28294402569312,-0.35664913369478995,0.21496439827244077,0.7462122096416481,0.008613338610719334,-0.00024172713023909442,0.000915977324546513,375.03707416167543,-1.2374163188070555,4.625161878860287,3.3877455600532316,29.88398852809143,-0.3652624723055093,0.21520612540267986,0.7452962323171016,374.46131571593924,-1.2153011792169015,4.595456009506847,3.3801548302899453,29.476780028305356,-0.35954009216573507,0.21487101669195752,0.7462822458270106,0.005722380139774219,-0.0003351087107223427,0.0009860135099090117
69,275.686688157009,-1.3903859645132983,4.616704184516463,3.2263182200031646,29.009552834430878,-0.4309512793539425,0.16023703843611295,0.8397629615638871,276.3061261738378,-1.353750263352512,4.5684734360051635,3.214723172652651,28.3774059313948,-0.4211094363796979,0.16041366609213042,0.8395863339078695,0.009841842974244619,0.0001766276560174751,-0.00017662765601755837,275.686688157009,-1.3903859645132983,4.616704184516463,3.2263182200031646,29.009552834430878,-0.4309512793539425,0.16023703843611295,0.8397629615638871,275.9303577160592,-1.3573720941352678,4.572868696735635,3.215496602600367,28.433754440520808,-0.42213451354218917,0.16020116638726892,0.8397988336127311,0.008816765811753335,-3.587204884403228e-05,3.587204884403228e-05,275.686688157009,-1.3903859645132983,4.616704184516463,3.2263182200031646,29.009552834430878,-0.4309512793539425,0.16023703843611295,0.8397629615638871,275.64090183796,-1.3682453757781408,4.587802996321273,3.2195576205431333,28.618920920024184,-0.4249793099051044,0.16008311099567918,0.8399168890043208,0.005971969448838099,-0.00015392744043377093,0.00015392744043374318
70,175.19009441036516,-1.5796482473514069,4.619006100885435,3.0393578535340278,27.990594114757393,-0.5197309180012032,0.1022037382284048,0.8977962617715952,175.55891258720135,-1.5423286416611581,4.570380254638307,3.0280516129771486,27.38748088990404,-0.50934688003708,0.1023544878690092,0.8976455121309908,0.010384037964123238,0.00015074964060440843,-0.00015074964060446394,175.19009441036516,-1.5796482473514069,4.619006100885435,3.0393578535340278,27.990594114757393,-0.5197309180012032,0.1022037382284048,0.8977962617715952,175.16301448496216,-1.5458925861208628,4.574631659012651,3.0287390728917876,27.441060944866475,-0.5104079780120746,0.10213935699772918,0.8978606430022709,0.009322939989128587,-6.438123067561974e-05,6.43812306756475e-05,175.19009441036516,-1.5796482473514069,4.619006100885435,3.0393578535340278,27.990594114757393,-0.5197309180012032,0.1022037382284048,0.8977962617715952,174.98993446432465,-1.557500403075911,4.590180935866097,3.0326805327901862,27.6170910634385,-0.5135721966873144,0.10204374327716027,0.8979562567228397,0.0061587213138888375,-0.00015999495124452423,0.00015999495124452423
71,86.74624782980517,-1.7561222307282727,4.625909406086855,2.8697871753585824,26.817852396875793,-0.6119346569694123,0.05083759606293486,0.9491624039370652,87.18815582412071,-1.7191185908947866,4.577954402975023,2.8588358120802373,26.24258812981782,-0.6013351951275112,0.051083741453716726,0.9489162585462833,0.010599461841901081,0.00024614539078186837,-0.00024614539078193776,86.74624782980517,-1.7561222307282727,4.625909406086855,2.8697871753585824,26.817852396875793,-0.6119346569694123,0.05083759606293486,0.9491624039370652,87.0794303384767,-1.7224876204748967,4.582329771457156,2.859842150982259,26.29326106079139,-0.60230164097808,0.05101100712796392,0.9489889928720361,0.009633015991332261,0.00017341106502906378,-0.00017341106502910542,86.74624782980517,-1.7561222307282727,4.625909406086855,2.8697871753585824,26.817852396875793,-0.6119346569694123,0.05083759606293486,0.9491624039370652,86.89666486033934,-1.7334896855067607,4.597354895391963,2.863865209885203,26.460766127843232,-0.6052972323988136,0.05088978325170926,0.9491102167482908,0.006637424570598682,5.218718877440104e-05,-5.2187188774421855e-05
72,0.0,-1.8870346313288355,4.591650567055227,2.704615935726391,25.559380268907375,-0.6977089080938311,0.0,1.0,0.0,-1.8493998552595574,4.543229387691914,2.693829532432357,25.011697748518134,-0.6865318807273105,0.0,1.0,0.011177027366520598,0.0,0.0,0.0,-1.8870346313288355,4.591650567055227,2.704615935726391,25.559380268907375,-0.6977089080938311,0.0,1.0,0.0,-1.8527998284514047,4.547724634743429,2.6949248062920246,25.059755485220805,-0.6875144805990678,0.0,1.0,0.010194427494763292,0.0,0.0,0.0,-1.8870346313288355,4.591650567055227,2.704615935726391,25.559380268907375,-0.6977089080938311,0.0,1.0,0.0,-1.8638651447609176,4.562822593729759,2.6989574489688417,25.21907808445377,-0.6905870803828427,0.0,1.0,0.00712182771098846,0.0,0.0
73,0.0,-1.8942225010220686,4.538589871360888,2.64436737033882,24.18351856641729,-0.7163235041655214,0.0,1.0,0.0,-1.8556099784643931,4.490026702466779,2.6344167240023864,23.663830125666177,-0.7043722284169315,0.0,1.0,0.011951275748589896,0.0,0.0,0.0,-1.8942225010220686,4.538589871360888,2.64436737033882,24.18351856641729,-0.7163235041655214,0.0,1.0,0.0,-1.8587687771359556,4.494214916421136,2.6354461392851807,23.70965443114841,-0.7052956800855412,0.0,1.0,0.011027824079980153,0.0,0.0,0.0,-1.8942225010220686,4.538589871360888,2.64436737033882,24.18351856641729,-0.7163235041655214,0.0,1.0,0.0,-1.8697568453788114,4.509014294012793,2.639257448633982,23.86107214466387,-0.7084404919825286,0.0,1.0,0.00788301218299281,0.0,0.0
74,0.0,-1.8928401102269072,4.4814654333175445,2.5886253230906378,22.807588547247423,-0.7312143991417763,0.0,1.0,0.0,-1.8563628952376299,4.435805496515624,2.5794426012779947,22.313744145352622,-0.719675985159696,0.0,1.0,0.011538413982080331,0.0,0.0,0.0,-1.8928401102269072,4.4814654333175445,2.5886253230906378,22.807588547247423,-0.7312143991417763,0.0,1.0,0.0,-1.8597044602723265,4.4400945540779695,2.580390093805643,22.35718479097777,-0.7207067120342157,0.0,1.0,0.01050768710756067,0.0,0.0,0.0,-1.8928401102269072,4.4814654333175445,2.5886253230906378,22.807588547247423,-0.7312143991417763,0.0,1.0,0.0,-1.8707948899790425,4.454741749385857,2.5839468594068147,22.50065255688104,-0.7240067198628507,0.0,1.0,0.007207679278925627,0.0,0.0
75,0.0,-2.016809362392275,4.523296585402324,2.5064872230100486,21.319306146833434,-0.8046358041954358,0.0,1.0,0.0,-1.974299778512307,4.472564582483684,2.4982648039713764,20.85799300028801,-0.7902684196542551,0.0,1.0,0.014367384541180694,0.0,0.0,0.0,-2.016809362392275,4.523296585402324,2.5064872230100486,21.319306146833434,-0.8046358041954358,0.0,1.0,0.0,-1.9777633450544514,4.476915167246095,2.499151822191644,20.89888128905681,-0.7913738283094949,0.0,1.0,0.013261975885940913,0.0,0.0,0.0,-2.016809362392275,4.523296585402324,2.5064872230100486,21.319306146833434,-0.8046358041954358,0.0,1.0,0.0,-1.9906563188363766,4.493060585824397,2.502404266988021,21.032582024009084,-0.7954974921907396,0.0,1.0,0.00913831200469617,0.0,0.0
76,0.0,-2.011898766520102,4.475482461289512,2.4635836947694103,19.86726135291815,-0.8166553345809566,0.0,1.0,0.0,-1.9698131350030155,4.4261017727302505,2.456288637727235,19.43539704842988,-0.8019469311333266,0.0,1.0,0.014708403447630025,0.0,0.0,0.0,-2.011898766520102,4.475482461289512,2.4635836947694103,19.86726135291815,-0.8166553345809566,0.0,1.0,0.0,-1.9736882196791687,4.43076835723467,2.4570801375555016,19.473501241961916,-0.8032657093727316,0.0,1.0,0.013389625208225064,0.0,0.0,0.0,-2.011898766520102,4.475482461289512,2.4635836947694103,19.86726135291815,-0.8166553345809566,0.0,1.0,0.0,-1.985371670633436,4.445434224995596,2.46006255436216,19.599607265583387,-0.8070411328008685,0.0,1.0,0.009614201780088094,0.0,0.0
77,0.0,-1.9496465697903338,4.374501754125427,2.424855184335094,18.495660197987252,-0.8040259815865811,0.0,1.0,0.0,-1.9102207784974945,4.328646880677552,2.4184261021800575,18.090170406259585,-0.7898611319053958,0.0,1.0,0.014164849681185365,0.0,0.0,0.0,-1.9496465697903338,4.374501754125427,2.424855184335094,18.495660197987252,-0.8040259815865811,0.0,1.0,0.0,-1.913634118612686,4.332757984732772,2.419123866120086,18.12597745805416,-0.7910442889730446,0.0,1.0,0.012981692613536544,0.0,0.0,0.0,-1.9496465697903338,4.374501754125427,2.424855184335094,18.495660197987252,-0.8040259815865811,0.0,1.0,0.0,-1.9251783134449898,4.347045198048427,2.4218668846034377,18.24419695683717,-0.7949149995336028,0.0,1.0,0.009110982052978334,0.0,0.0
78,0.0,-1.9949699030445875,4.380377606227932,2.3854077031833443,17.04504348605351,-0.8363224032446468,0.0,1.0,0.0,-1.953220446547192,4.332989686804957,2.379769240257765,16.67008981248789,-0.8207604390817443,0.0,1.0,0.015561964162902453,0.0,0.0,0.0,-1.9949699030445875,4.380377606227932,2.3854077031833443,17.04504348605351,-0.8363224032446468,0.0,1.0,0.0,-1.956917770364791,4.337338664835889,2.3804208944710985,16.703216159000775,-0.822088973807128,0.0,1.0,0.014233429437518819,0.0,0.0,0.0,-1.9949699030445875,4.380377606227932,2.3854077031833443,17.04504348605351,-0.8363224032446468,0.0,1.0,0.0,-1.9695985358798467,4.3525102049730515,2.3829116690932044,16.812234253799556,-0.8265512152321448,0.0,1.0,0.009771188012501986,0.0,0.0
79,0.0,-1.9728238298392484,4.320408530911452,2.3475847010722033,15.666550815867481,-0.8403632162614657,0.0,1.0,0.0,-1.9306239987524894,4.273480192578026,2.3428561938255363,15.320761386050052,-0.8240471625362831,0.0,1.0,0.016316053725182633,0.0,0.0,0.0,-1.9728238298392484,4.320408530911452,2.3475847010722033,15.666550815867481,-0.8403632162614657,0.0,1.0,0.0,-1.9343754940269988,4.277792802907883,2.3434173088808845,15.35130612607647,-0.8254507153703552,0.0,1.0,0.014912500891110514,0.0,0.0,0.0,-1.9728238298392484,4.320408530911452,2.3475847010722033,15.666550815867481,-0.8403632162614657,0.0,1.0,0.0,-1.9471485982796655,4.292765583547495,2.3456169852678297,15.451413337883805,-0.8301221429198229,0.0,1.0,0.010241073341642815,0.0,0.0
80,0.0,-1.9522633054759986,4.261682287987984,2.3094189825119855,14.313699789460568,-0.8453482543702382,0.0,1.0,0.0,-1.911918974887659,4.217372751838706,2.305453776951047,13.994710375529479,-0.8293026709111314,0.0,1.0,0.016045583459106783,0.0,0.0,0.0,-1.9522633054759986,4.261682287987984,2.3094189825119855,14.313699789460568,-0.8453482543702382,0.0,1.0,0.0,-1.9157583406268497,4.221666635513621,2.3059082948867715,14.022606843183354,-0.830804219263594,0.0,1.0,0.014544035106644149,0.0,0.0,0.0,-1.9522633054759986,4.261682287987984,2.3094189825119855,14.313699789460568,-0.8453482543702382,0.0,1.0,0.0,-1.9277601447632642,4.235624796904339,2.3078646521410744,14.114541428483241,-0.8353003470003425,0.0,1.0,0.010047907369895692,0.0,0.0
81,0.0,-1.9163934389829924,4.18900044326631,2.272607004283317,13.010893539041957,-0.8432577367626924,0.0,1.0,0.0,-1.8738983745027573,4.143396665154427,2.26949829065167,12.720727178560194,-0.8256883832966806,0.0,1.0,0.01756935346601185,0.0,0.0,0.0,-1.9163934389829924,4.18900044326631,2.272607004283317,13.010893539041957,-0.8432577367626924,0.0,1.0,0.0,-1.8777158130981015,4.147574840786077,2.2698590276879753,12.746011003145691,-0.8272389563376094,0.0,1.0,0.01601878042508309,0.0,0.0,0.0,-1.9163934389829924,4.18900044326631,2.272607004283317,13.010893539041957,-0.8432577367626924,0.0,1.0,0.0,-1.8898883393682206,4.1614537931752,2.2715654538069794,12.829766213605287,-0.8319761758134262,0.0,1.0,0.011281560949266245,0.0,0.0
82,0.0,-1.855187244616945,4.095144023057877,2.239956778440931,11.765601783981477,-0.828224572220632,0.0,1.0,0.0,-1.8146147641601682,4.052137868558395,2.237523104398227,11.502622817086243,-0.810992637614887,0.0,1.0,0.017231934605744903,0.0,0.0,0.0,-1.855187244616945,4.095144023057877,2.239956778440931,11.765601783981477,-0.828224572220632,0.0,1.0,0.0,-1.8178656114587333,4.055708816561833,2.2378432051031,11.525795380705203,-0.8123293031939572,0.0,1.0,0.015895269026674708,0.0,0.0,0.0,-1.855187244616945,4.095144023057877,2.239956778440931,11.765601783981477,-0.828224572220632,0.0,1.0,0.0,-1.829417594337863,4.068758068636286,2.2393404742984226,11.601916722925361,-0.8169448171614069,0.0,1.0,0.011279755059225072,0.0,0.0
83,0.0,-1.8591118721640552,4.065190106446323,2.2060782342822676,10.493469726174228,-0.8427225486719443,0.0,1.0,0.0,-1.817489647104689,4.021890229206256,2.2044005821015666,10.259050932480688,-0.8244824746743553,0.0,1.0,0.01824007399758898,0.0,0.0,0.0,-1.8591118721640552,4.065190106446323,2.2060782342822676,10.493469726174228,-0.8427225486719443,0.0,1.0,0.0,-1.8211228560676587,4.0257687307380525,2.204645874670394,10.27977319194764,-0.8260387198646703,0.0,1.0,0.016683828807274037,0.0,0.0,0.0,-1.8591118721640552,4.065190106446323,2.2060782342822676,10.493469726174228,-0.8427225486719443,0.0,1.0,0.0,-1.8332564562619111,4.039183167660364,2.205926711398453,10.347588089930655,-0.8310595482565754,0.0,1.0,0.01166300041536894,0.0,0.0
84,0.0,-1.7801029320443564,3.9562413169766097,2.1761383849322535,9.341380098591223,-0.8180099870347969,0.0,1.0,0.0,-1.741411191744396,3.916613559579248,2.175202367834852,9.131666765321832,-0.800574336206593,0.0,1.0,0.017435650828203864,0.0,0.0,0.0,-1.7801029320443564,3.9562413169766097,2.1761383849322535,9.341380098591223,-0.8180099870347969,0.0,1.0,0.0,-1.7448623297230395,3.9202434532937565,2.1753811235707166,9.150177359491172,-0.8020950034074882,0.0,1.0,0.0159149836273087,0.0,0.0,0.0,-1.7801029320443564,3.9562413169766097,2.1761383849322535,9.341380098591223,-0.8180099870347969,0.0,1.0,0.0,-1.7568628757388016,3.9332310031330713,2.17636812739427,9.210163097623779,-0.8072452695961252,0.0,1.0,0.01076471743867169,0.0,0.0
85,0.0,-1.7589990737943826,3.907764136707682,2.148765062913299,8.197516964130251,-0.8186093045507399,0.0,1.0,0.0,-1.7184694189475003,3.8669898133145537,2.148520394367054,8.01410571149673,-0.799838541655433,0.0,1.0,0.01877076289530688,0.0,0.0,0.0,-1.7589990737943826,3.907764136707682,2.148765062913299,8.197516964130251,-0.8186093045507399,0.0,1.0,0.0,-1.721881829748548,3.8705441873022393,2.148662357553691,8.030396001863474,-0.8013738518270298,0.0,1.0,0.017235452723710076,0.0,0.0,0.0,-1.7589990737943826,3.907764136707682,2.148765062913299,8.197516964130251,-0.8186093045507399,0.0,1.0,0.0,-1.7334459393760395,3.8828494666939677,2.149403527317928,8.082838954479339,-0.8064776657080631,0.0,1.0,0.012131638842676762,0.0,0.0
86,0.0,-1.6910683570649732,3.814376791559207,2.123308434494234,7.158611124922648,-0.796430857426411,0.0,1.0,0.0,-1.6525573664601423,3.776308934815856,2.1237515683557135,6.9990419031951765,-0.7781312047433179,0.0,1.0,0.01829965268309308,0.0,0.0,0.0,-1.6910683570649732,3.814376791559207,2.123308434494234,7.158611124922648,-0.796430857426411,0.0,1.0,0.0,-1.6560715903053702,3.7798803706378417,2.123808780332472,7.013142684453445,-0.7797649231142741,0.0,1.0,0.01666593431213681,0.0,0.0,0.0,-1.6910683570649732,3.814376791559207,2.123308434494234,7.158611124922648,-0.796430857426411,0.0,1.0,0.0,-1.6665063730767375,3.790881879802517,2.1243755067257797,7.059371884219515,-0.7844688322759197,0.0,1.0,0.011962025150491273,0.0,0.0
87,0.0,-1.5972473425264708,3.70109113266609,2.10384379013962,6.2298575895943245,-0.759204343027992,0.0,1.0,0.0,-1.5595700676348603,3.664717714083547,2.1051476464486867,6.0924862695387585,-0.7408364302930498,0.0,1.0,0.018367912734942204,0.0,0.0,0.0,-1.5972473425264708,3.70109113266609,2.10384379013962,6.2298575895943245,-0.759204343027992,0.0,1.0,0.0,-1.5624512089383455,3.6676532686011423,2.105202059662797,6.104962368312001,-0.7421858637116348,0.0,1.0,0.01701847931635725,0.0,0.0,0.0,-1.5972473425264708,3.70109113266609,2.10384379013962,6.2298575895943245,-0.759204343027992,0.0,1.0,0.0,-1.5729277628982647,3.678474361097364,2.1055465981990995,6.145176473584345,-0.7470401102704683,0.0,1.0,0.012164232757523652,0.0,0.0
88,0.0,-1.5213422120865367,3.6104797650778786,2.0891375529913425,5.364859137520038,-0.7282154350766397,0.0,1.0,0.0,-1.4875239295203058,3.578403106471004,2.0908791769506982,5.2466638654473226,-0.7114346662965407,0.0,1.0,0.01678076878009893,0.0,0.0,0.0,-1.5213422120865367,3.6104797650778786,2.0891375529913425,5.364859137520038,-0.7282154350766397,0.0,1.0,0.0,-1.4908578915491404,3.5817065561462065,2.090848664597066,5.257179482713377,-0.7130395981272266,0.0,1.0,0.015175836949413046,0.0,0.0,0.0,-1.5213422120865367,3.6104797650778786,2.0891375529913425,5.364859137520038,-0.7282154350766397,0.0,1.0,0.0,-1.5011545576519014,3.5922490015844195,2.0910944439325183,5.2913561223043235,-0.7178798461292001,0.0,1.0,0.010335588947439578,0.0,0.0
89,0.0,-1.43236301063908,3.506135093571325,2.073772082932245,4.576803138023858,-0.6907041629250626,0.0,1.0,0.0,-1.3984300447099385,3.4744332776522513,2.076003232942313,4.47855442403272,-0.6736165062363356,0.0,1.0,0.017087656688727026,0.0,0.0,0.0,-1.43236301063908,3.506135093571325,2.073772082932245,4.576803138023858,-0.6907041629250626,0.0,1.0,0.0,-1.4015143835053434,3.477398444185421,2.0758840606800777,4.487298447704696,-0.6751409724906289,0.0,1.0,0.015563190434433771,0.0,0.0,0.0,-1.43236301063908,3.506135093571325,2.073772082932245,4.576803138023858,-0.6907041629250626,0.0,1.0,0.0,-1.4118226707187496,3.4877834162859496,2.0759607455672002,4.515039816268646,-0.6800815833022927,0.0,1.0,0.010622579622769912,0.0,0.0
90,0.0,-1.2971270226398803,3.3612549979879427,2.0641279753480624,3.923888655533055,-0.6284140509365235,0.0,1.0,0.0,-1.2676616176534363,3.334517368278925,2.0668557506254888,3.8410765740032806,-0.6133285389025365,0.0,1.0,0.015085512033987003,0.0,0.0,0.0,-1.2971270226398803,3.3612549979879427,2.0641279753480624,3.923888655533055,-0.6284140509365235,0.0,1.0,0.0,-1.270445998508696,3.3371248795989654,2.0666788810902696,3.848275813793928,-0.6147283015920095,0.0,1.0,0.013685749344513942,0.0,0.0,0.0,-1.2971270226398803,3.3612549979879427,2.0641279753480624,3.923888655533055,-0.6284140509365235,0.0,1.0,0.0,-1.278891896605198,3.345426663372557,2.066534766767359,3.8715891345097653,-0.6188581567421411,0.0,1.0,0.009555894194382408,0.0,0.0
91,0.0,-1.224576805291516,3.29081265555815,2.0662358502666334,3.322455670330961,-0.5926607096346204,0.0,1.0,0.0,-1.1948585903899225,3.2639872610204086,2.069128670630486,3.256188289487462,-0.5774694475746819,0.0,1.0,0.015191262059938482,0.0,0.0,0.0,-1.224576805291516,3.29081265555815,2.0662358502666334,3.322455670330961,-0.5926607096346204,0.0,1.0,0.0,-1.197477318054674,3.2663751439716897,2.068897825917016,3.2619202550617756,-0.5787996405882951,0.0,1.0,0.013861069046325225,0.0,0.0,0.0,-1.224576805291516,3.29081265555815,2.0662358502666334,3.322455670330961,-0.5926607096346204,0.0,1.0,0.0,-1.2061385636958115,3.274757363700479,2.0686188000046677,3.2803863834920697,-0.583064682431142,0.0,1.0,0.009596027203478408,0.0,0.0
92,0.0,-1.127550265415519,3.1955066124657785,2.0679563470502598,2.813471434173788,-0.5452485817816516,0.0,1.0,0.0,-1.1016524235649567,3.1728243818084834,2.0711719582435264,2.7609459465482122,-0.5318980972005926,0.0,1.0,0.01335048458105903,0.0,0.0,0.0,-1.127550265415519,3.1955066124657785,2.0679563470502598,2.813471434173788,-0.5452485817816516,0.0,1.0,0.0,-1.1037808782802196,3.1746771125722866,2.070896234292067,2.765611915617449,-0.5329967093486679,0.0,1.0,0.012251872432983646,0.0,0.0,0.0,-1.127550265415519,3.1955066124657785,2.0679563470502598,2.813471434173788,-0.5452485817816516,0.0,1.0,0.0,-1.1114697619417562,3.1818832090863816,2.070413447144625,2.779868889809444,-0.5368346904211913,0.0,1.0,0.008413891360460335,0.0,0.0
93,0.0,-1.0459996748948486,3.124402471076717,2.078402796181869,2.3813046591897504,-0.5032709140001173,0.0,1.0,0.0,-1.0225404777311895,3.1047081978390154,2.082167720107826,2.340570703247366,-0.49109419373682195,0.0,1.0,0.012176720263295304,0.0,0.0,0.0,-1.0459996748948486,3.124402471076717,2.078402796181869,2.3813046591897504,-0.5032709140001173,0.0,1.0,0.0,-1.0247610753298053,3.1066398067134546,2.0818787313836493,2.344074329893616,-0.49222899484098814,0.0,1.0,0.01104191915912911,0.0,0.0,0.0,-1.0459996748948486,3.124402471076717,2.078402796181869,2.3813046591897504,-0.5032709140001173,0.0,1.0,0.0,-1.031040180927674,3.1122065947857838,2.0811664138581096,2.355166833170968,-0.495414578124154,0.0,1.0,0.007856335875963238,0.0,0.0
94,0.0,-0.9145841959142458,3.0025479167060163,2.0879637207917705,2.0774688448599745,-0.438026861677189,0.0,1.0,0.0,-0.8942637706693147,2.986672001106489,2.0924082304371745,2.0462696693696856,-0.42738494222156304,0.0,1.0,0.010641919455625981,0.0,0.0,0.0,-0.9145841959142458,3.0025479167060163,2.0879637207917705,2.0774688448599745,-0.438026861677189,0.0,1.0,0.0,-0.895969349966991,2.988010799842159,2.092041449875168,2.048997187544973,-0.4282751424549707,0.0,1.0,0.009751719222218291,0.0,0.0,0.0,-0.9145841959142458,3.0025479167060163,2.0879637207917705,2.0774688448599745,-0.438026861677189,0.0,1.0,0.0,-0.9016132796617912,2.9927815055197318,2.0911682258579405,2.057436999582097,-0.43115291659134103,0.0,1.0,0.006873945085847988,0.0,0.0
95,0.0,-0.8563132504252066,2.95641898623359,2.1001057358083832,1.771948994089617,-0.40774768423533214,0.0,1.0,0.0,-0.8395430205247773,2.9444814664783654,2.104938445953588,1.749370798698475,-0.39884445178844363,0.0,1.0,0.00890323244688851,0.0,0.0,0.0,-0.8563132504252066,2.95641898623359,2.1001057358083832,1.771948994089617,-0.40774768423533214,0.0,1.0,0.0,-0.8410550053180001,2.9455884831799284,2.1045334778619282,1.7512971142291995,-0.39963964183285805,0.0,1.0,0.008108042402474092,0.0,0.0,0.0,-0.8563132504252066,2.95641898623359,2.1001057358083832,1.771948994089617,-0.40774768423533214,0.0,1.0,0.0,-0.8456281040624941,2.949228047266301,2.1035999432038066,1.757451723404203,-0.4019909331118316,0.0,1.0,0.0057567511235005475,0.0,0.0
96,0.0,-0.7818338087572999,2.8983801299694334,2.1165463212121334,1.554804939214713,-0.3693913055063914,0.0,1.0,0.0,-0.7679455215345382,2.889642530985631,2.121697009451093,1.5388523721116412,-0.3619487222321223,0.0,1.0,0.0074425832742690545,0.0,0.0,0.0,-0.7818338087572999,2.8983801299694334,2.1165463212121334,1.554804939214713,-0.3693913055063914,0.0,1.0,0.0,-0.7691850100100212,2.8904628471062646,2.1212778370962435,1.5401024863696908,-0.362604556818892,0.0,1.0,0.0067867486874994,0.0,0.0,0.0,-0.7818338087572999,2.8983801299694334,2.1165463212121334,1.554804939214713,-0.3693913055063914,0.0,1.0,0.0,-0.7726952301231395,2.892826570573635,2.120131340450496,1.5447756731809443,-0.3644563029566618,0.0,1.0,0.004935002549729561,0.0,0.0
97,0.0,-0.673019177631088,2.8084484604528006,2.1354292828217125,1.4265585790707291,-0.3151680943242355,0.0,1.0,0.0,-0.6628690006294339,2.8039698915152083,2.141100890885774,1.415448800339617,-0.3095926041837313,0.0,1.0,0.00557549014050418,0.0,0.0,0.0,-0.673019177631088,2.8084484604528006,2.1354292828217125,1.4265585790707291,-0.3151680943242355,0.0,1.0,0.0,-0.6638316549748675,2.804292546198841,2.1404608912239738,1.4162641422431774,-0.31013491425917644,0.0,1.0,0.00503318006505904,0.0,0.0,0.0,-0.673019177631088,2.8084484604528006,2.1354292828217125,1.4265585790707291,-0.3151680943242355,0.0,1.0,0.0,-0.6668097467061338,2.806189116063417,2.1393793693572833,1.4195209375537603,-0.31168373232768815,0.0,1.0,0.003484361996547336,0.0,0.0
98,0.0,-0.6609527394470469,2.81657201409231,2.155619274645263,1.2644521884306539,-0.30661849577115874,0.0,1.0,0.0,-0.652943200540653,2.814319322916788,2.161376122376135,1.2578264482715305,-0.3020960552774276,0.0,1.0,0.004522440493731128,0.0,0.0,0.0,-0.6609527394470469,2.81657201409231,2.155619274645263,1.2644521884306539,-0.30661849577115874,0.0,1.0,0.0,-0.6532276091844688,2.813776308422835,2.1605486992383662,1.2586475841559785,-0.3023433859254104,0.0,1.0,0.004275109845748359,0.0,0.0,0.0,-0.6609527394470469,2.81657201409231,2.155619274645263,1.2644521884306539,-0.30661849577115874,0.0,1.0,0.0,-0.6557339784519651,2.814978507181072,2.1592445287291064,1.2605552754117946,-0.3036867616091257,0.0,1.0,0.0029317341620330173,0.0,0.0
99,0.0,-0.6450963730615967,2.8218572612047246,2.1767608881431277,1.1379837334025236,-0.2963561025813415,0.0,1.0,0.0,-0.6397713900025245,2.8217755309506223,2.182004140948098,1.1342347663301817,-0.2932035636396816,0.0,1.0,0.0031525389416598992,0.0,0.0,0.0,-0.6450963730615967,2.8218572612047246,2.1767608881431277,1.1379837334025236,-0.2963561025813415,0.0,1.0,0.0,-0.640523046856103,2.8221161856798176,2.1815931388237146,1.134608959477655,-0.2936033467732046,0.0,1.0,0.0027527558081368864,0.0,0.0,0.0,-0.6450963730615967,2.8218572612047246,2.1767608881431277,1.1379837334025236,-0.2963561025813415,0.0,1.0,0.0,-0.6423131889235597,2.8224018473453176,2.180088658421758,1.1354612932357069,-0.2946270952982951,0.0,1.0,0.0017290072830463687,0.0,0.0
100,0.0,,3.832326331559029,,0.0,,0.0,1.0,0.0,,3.8313826333452217,,0.0,,0.0,1.0,,0.0,0.0,0.0,,3.832326331559029,,0.0,,0.0,1.0,0.0,,3.8314054383642837,,0.0,,0.0,1.0,,0.0,0.0,0.0,,3.832326331559029,,0.0,,0.0,1.0,0.0,,3.831238857061375,,0.0,,0.0,1.0,,0.0,0.0
