,working_hours_67.0_base,savings_67.0_base,consumption_67.0_base,income_67.0_base,assets_67.0_base,savings_rate_67.0_base,employment_rate_67.0_base,retirement_rate_67.0_base,working_hours_67.0_cf,savings_67.0_cf,consumption_67.0_cf,income_67.0_cf,assets_67.0_cf,savings_rate_67.0_cf,employment_rate_67.0_cf,retirement_rate_67.0_cf,savings_rate_diff_67.0,employment_rate_diff_67.0,retirement_rate_diff_67.0,working_hours_68.0_base,savings_68.0_base,consumption_68.0_base,income_68.0_base,assets_68.0_base,savings_rate_68.0_base,employment_rate_68.0_base,retirement_rate_68.0_base,working_hours_68.0_cf,savings_68.0_cf,consumption_68.0_cf,income_68.0_cf,assets_68.0_cf,savings_rate_68.0_cf,employment_rate_68.0_cf,retirement_rate_68.0_cf,savings_rate_diff_68.0,employment_rate_diff_68.0,retirement_rate_diff_68.0,working_hours_69.0_base,savings_69.0_base,consumption_69.0_base,income_69.0_base,assets_69.0_base,savings_rate_69.0_base,employment_rate_69.0_base,retirement_rate_69.0_base,working_hours_69.0_cf,savings_69.0_cf,consumption_69.0_cf,income_69.0_cf,assets_69.0_cf,savings_rate_69.0_cf,employment_rate_69.0_cf,retirement_rate_69.0_cf,savings_rate_diff_69.0,employment_rate_diff_69.0,retirement_rate_diff_69.0,working_hours_70.0_base,savings_70.0_base,consumption_70.0_base,income_70.0_base,assets_70.0_base,savings_rate_70.0_base,employment_rate_70.0_base,retirement_rate_70.0_base,working_hours_70.0_cf,savings_70.0_cf,consumption_70.0_cf,income_70.0_cf,assets_70.0_cf,savings_rate_70.0_cf,employment_rate_70.0_cf,retirement_rate_70.0_cf,savings_rate_diff_70.0,employment_rate_diff_70.0,retirement_rate_diff_70.0
30,1392.4643888941953,3.7860095162923564,34.53570001073238,38.32170952702474,66.52474125308837,0.09879542335193674,0.76735781137509,0.0029373650107991363,1393.0776550983087,3.797080645164376,34.5290389995614,38.32611964472577,66.53140226425934,0.09907292155747652,0.7677321814254859,0.0029373650107991363,0.00027749820553978066,0.0003743700503959779,0.0,1392.4643888941953,3.7860095162923564,34.53570001073238,38.32170952702474,66.52474125308837,0.09879542335193674,0.76735781137509,0.0029373650107991363,1392.823700702434,3.809859768343744,34.514496025692814,38.32435579403656,66.54594523812793,0.09941092783969444,0.7676097912167027,0.0029373650107991363,0.0006155044877576982,0.00025197984161273723,0.0,1392.4643888941953,3.7860095162923564,34.53570001073238,38.32170952702474,66.52474125308837,0.09879542335193674,0.76735781137509,0.0029373650107991363,1392.5634787522017,3.8213605072180226,34.50091550257201,38.32227600979003,66.55952576124874,0.09971642880088322,0.7674730021598272,0.0029373650107991363,0.0009210054489464797,0.0001151907847372069,0.0,1392.4643888941953,3.7860095162923564,34.53570001073238,38.32170952702474,66.52474125308837,0.09879542335193674,0.76735781137509,0.0029373650107991363,1392.4233255646611,3.830307316494442,34.490881884562874,38.32118920105732,66.56955937925787,0.09995272579872756,0.7673938084953204,0.0029373650107991363,0.0011573024467908255,3.599712023039103e-05,0.0
31,1340.6430601887855,2.7496178922791765,36.46423709336092,39.19911554905693,68.38221368675218,0.07014489622445903,0.7410871130309575,0.0032757379409647227,1341.501269929811,2.7595484722605503,36.45983319808557,39.20463650180687,68.39768871089956,0.07038831930333975,0.7416198704103671,0.0032757379409647227,0.00024342307888071402,0.0005327573794096097,0.0,1340.6430601887855,2.7496178922791765,36.46423709336092,39.19911554905693,68.38221368675218,0.07014489622445903,0.7410871130309575,0.0032757379409647227,1341.1928700226745,2.7745727546413304,36.44282313981584,39.2026430216189,68.42747789234865,0.07077514526536514,0.7414254859611231,0.0032757379409647227,0.0006302490409061112,0.0003383729301655869,0.0,1340.6430601887855,2.7496178922791765,36.46423709336092,39.19911554905693,68.38221368675218,0.07014489622445903,0.7410871130309575,0.0032757379409647227,1340.90508978335,2.7882021198767784,36.4275857020683,39.20066734485074,68.45421606897047,0.07112639423581207,0.7412526997840173,0.0032757379409647227,0.0009814980113530408,0.00016558675305977655,0.0,1340.614824514581,2.7543249026335346,36.45947509010102,39.19905942452107,68.38697569001208,0.07026507633268772,0.7410727141828654,0.0032757379409647227,1340.5100027926983,2.797437205743368,36.41514175984309,39.197453055215206,68.4756068204721,0.07136783101194812,0.7410511159107271,0.0032757379409647227,0.0011027546792603954,-2.1598272138212415e-05,0.0
32,1319.3027610581216,2.7979607228496013,37.62083390252888,40.40650760147397,69.9807241628702,0.06924529955535023,0.7298790148350857,0.003305487541408613,1320.1444053827677,2.807251109330775,37.61644073566288,40.411393372504186,70.0061180426816,0.0694668229688121,0.7304407316721878,0.003305487541408613,0.00022152341346186322,0.0005617168371021553,0.0,1319.3027610581216,2.7979607228496013,37.62083390252888,40.40650760147397,69.9807241628702,0.06924529955535023,0.7298790148350857,0.003305487541408613,1319.7518238785526,2.8236988584462255,37.59727107060187,40.40865772643653,70.05309203520113,0.06987856111337444,0.7301958807431946,0.003305487541408613,0.0006332615580242063,0.0003168659081089764,0.0,1319.2311458993993,2.8028993920623266,37.61530397528113,40.40591494925596,69.98625409011797,0.06936854160046535,0.7298430073455279,0.003305487541408613,1319.4214667100953,2.839995377065493,37.57951530595892,40.40718592134825,70.09561866553801,0.07028441383157652,0.7300014402995824,0.003305487541408613,0.00091587223111117,0.0001584329540544882,0.0,1319.20802137579,2.8026349901227934,37.61543143500442,40.40577662144787,69.99083391443685,0.06936223541450559,0.7298286043497048,0.003305487541408613,1319.086259469981,2.851361822124566,37.566372368776506,40.40531448450326,70.1269441450104,0.0705689798112611,0.7297997983580585,0.003305487541408613,0.001206744396755513,-2.880599164623021e-05,0.0
33,1311.898297032343,2.9580482640703476,38.62984535521802,41.569899806974945,71.77827416693289,0.07115841697491947,0.7259688805647602,0.00332084714018153,1312.233541116082,2.964828881265874,38.62188349993509,41.56871337948904,71.81652316609912,0.07132356621672079,0.726300244921481,0.00332084714018153,0.0001651492418013184,0.0003313643567208757,0.0,1311.898297032343,2.9580482640703476,38.62984535521802,41.569899806974945,71.77827416693289,0.07115841697491947,0.7259688805647602,0.00332084714018153,1311.8983889362253,2.983890177261237,38.60120876096582,41.56708427263641,71.881449773773,0.07178492861539318,0.7261201555971762,0.00332084714018153,0.000626511640473712,0.0001512750324160761,0.0,1311.7801871666995,2.9636468313664204,38.62351491285544,41.569165034685106,71.78954347777889,0.07129435553717685,0.7259040484080104,0.00332084714018153,1311.6417039614032,3.0031353900029165,38.5820935569468,41.567067767207746,71.94163208933828,0.07224794894895352,0.7259760841377323,0.00332084714018153,0.0009535934117766709,7.203572972191985e-05,0.0,1311.7570559799221,2.9634911830996535,38.62360208861604,41.56909550472145,71.79389911319078,0.07129073046015778,0.725889641262066,0.00332084714018153,1311.347919550949,3.017094531077784,38.56687927320801,41.565801146334515,71.9861213199553,0.0725859828962745,0.725781587667483,0.00332084714018153,0.0012952524361167228,-0.0001080535945829908,0.0
34,1314.6157075672065,3.227868202192441,39.50865031295597,42.70590748523914,73.85945470327508,0.07558364620417259,0.7281203614301567,0.0035091006038247036,1314.3648571791346,3.230739427699927,39.4983070276848,42.6984092053575,73.90687101611505,0.0756641637903118,0.7280915392486057,0.0035091006038247036,8.051758613920879e-05,-2.8822181550980375e-05,0.0,1314.54733395386,3.2347199358815706,39.50154030878152,42.7056507596057,73.86656470744954,0.0757445414914791,0.7280915392486057,0.0035091006038247036,1314.1156490952144,3.253975074775076,39.47614386841212,42.698351743170356,73.99234952130301,0.07620844697583795,0.7279546338862388,0.0035091006038247036,0.00046390548435884527,-0.00013690536236687922,0.0,1314.4724238820181,3.2341372780425983,39.50167427891259,42.705196733401706,73.87696837368638,0.0757317030578864,0.7280483059762793,0.0035091006038247036,1313.912489222664,3.2761190156814997,39.45544490810575,42.69967916990485,74.07315023637214,0.07672467520530085,0.7278105229784843,0.0035091006038247036,0.0009929721474144504,-0.0002377829977950885,0.0,1314.3467802063647,3.2400325336511298,39.49458557077036,42.70399843232901,73.88834437889452,0.07587187740242766,0.7279906616131775,0.0035091006038247036,1313.57155214683,3.2923276162778095,39.43833617959229,42.698610431966856,74.13349374713117,0.07710620048218166,0.727630384343791,0.0035091006038247036,0.0012343230797539906,-0.00036027726938647753,0.0
35,1322.7874673731876,3.5246068935571278,40.27299003168781,43.76451141003016,76.32399733387817,0.08053573043544458,0.7326057495458609,0.003827744298030622,1321.8609762963094,3.522967333798158,40.259051273289195,43.74897668625624,76.37787357146061,0.08052685115500997,0.7321876531818575,0.0038421614140307374,-8.879280434609393e-06,-0.0004180963640033619,1.4417116000115405e-05,1322.774081359236,3.5330480074620243,40.26535984638941,43.7648033822051,76.33827824915738,0.08072806763479194,0.7325985409878608,0.003820535740030564,1321.8885730252114,3.548871684455023,40.237295945973884,43.75231124059821,76.48491514810735,0.08111278201829002,0.7322020702978577,0.003633113232029065,0.00038471438349807485,-0.00039647069000314783,-0.00018742250800149896,1322.742151188348,3.532616682778727,40.26564593958447,43.76465173466676,76.34794612609295,0.08071849181380504,0.7325769153138606,0.003820535740030564,1321.7944539015798,3.574032442232183,40.21548847585291,43.75562641600479,76.58867913949192,0.08168166553604374,0.7321371932758571,0.003633113232029065,0.0009631737222386971,-0.000439722038003465,-0.00018742250800149896,1322.903757857818,3.5396273607438857,40.26062148423356,43.76639423399426,76.36315309072677,0.08087546215983642,0.7326778351258614,0.003633113232029065,1321.619137357608,3.593192527487271,40.197050517853164,43.756324522745075,76.66633544655191,0.08211824385797041,0.7320218563478562,0.003633113232029065,0.0012427816981339934,-0.0006559787780051618,0.0
36,1332.1723187485345,3.8523370936073627,40.98161911531069,44.791610995475615,79.14651820115341,0.08600577224151383,0.7389256710949558,0.003966708497410821,1329.9609897165205,3.8438917182492207,40.96102122511079,44.76254826346687,79.20548379643016,0.08587294216639646,0.7378149927156807,0.0040532548646270575,-0.0001328300751173711,-0.0011106783792750319,8.654636721623643e-05,1332.1558802603697,3.86114544750106,40.97349098255762,44.79199758010703,79.16924829936869,0.08620168012368055,0.7389112467004197,0.003959496300142801,1329.8548186399678,3.8717082607932625,40.93655508958818,44.76476255879677,79.34023657116815,0.08649008817388286,0.7377572951375366,0.0038224645520504278,0.00028840805020230453,-0.0011539515628831154,-0.00013703174809237334,1332.1158342797403,3.8692623375753814,40.96542800584056,44.79204396916157,79.18683237759778,0.08638280361216139,0.7388823979113477,0.003959496300142801,1330.0143256093995,3.9018123931135467,40.91558485574282,44.77033791186363,79.46819252570724,0.08715172980813288,0.7378438415047528,0.0035988864367418175,0.0007689261959714921,-0.0010385564065948927,-0.00036060986340098354,1332.2431767307314,3.8774081233381215,40.959823978999026,44.79371738341321,79.20922775515031,0.08656142758033067,0.7389761564758319,0.00377197917117429,1329.9723502008655,3.92412464108825,40.89575872288233,44.77277898463662,79.5661985036522,0.08764532222658723,0.7378149927156807,0.0035988864367418175,0.001083894646256564,-0.0011611637601511848,-0.00017309273443247243
37,1344.8663643914101,4.146980770683653,41.629661032471205,45.737606939942346,82.34443656783924,0.0906689494299301,0.7465438120526438,0.004221022858462249,1341.3657424241403,4.134014211113894,41.599417419578295,45.69438506190677,82.40460732562958,0.09047094529258091,0.7446172939274994,0.004379762179635188,-0.0001980041373491892,-0.0019265181251443275,0.00015873932117293956,1344.8738005392747,4.1577842727705265,41.620950089283085,45.7390488789276,82.3763012838878,0.09090228972133385,0.7465438120526438,0.0042138074347725695,1341.3579120038823,4.165821094481638,41.57482634326572,45.700306692098884,82.56661106888498,0.09115521089493839,0.7446100785038098,0.004148868621565458,0.0002529211736045367,-0.0019337335488339713,-6.493881320711152e-05,1344.8787268281458,4.166996439198356,41.61267135468915,45.739969791577415,82.40221857672962,0.09110186251075464,0.7465510274763334,0.0042138074347725695,1341.3328205300757,4.19493810458985,41.55096606415103,45.70564781819014,82.72365741256885,0.09178161353880494,0.74460286308012,0.003925190487185408,0.0006797510280503044,-0.00194816439621337,-0.00028861694758716173,1345.0476324594608,4.175507889047078,41.60722230862412,45.74281756333045,82.43179993584323,0.09128226269110187,0.746652043407989,0.004033421842530594,1341.667928478381,4.220566234895216,41.53303769914451,45.712476345868815,82.84207685390977,0.09232854074589293,0.7448626183329485,0.0036510043869776034,0.0010462780547910583,-0.0017894250750404295,-0.0003824174555529902
38,1358.6101900926885,4.383395100526132,42.27505467192745,46.62381079652158,85.84717725310375,0.09401623388650933,0.753383816873245,0.004872696297472695,1353.6625522414404,4.368534073970327,42.231789053465356,46.56574929550489,85.90741603381717,0.09381431932401081,0.7505829188533644,0.005226417954622565,-0.00020191456249851747,-0.0028008980198805933,0.00035372165714986966,1358.5948800229403,4.397628899519563,42.26568075646313,46.625574781950995,85.88952919727323,0.09431795575894773,0.7533693792545858,0.004865477488143106,1354.2881630076147,4.412600617912027,42.21332315296298,46.57955798274048,86.09314132480003,0.09473255670539134,0.7509727345571622,0.004490099403004468,0.0004146009464436051,-0.002396644697423622,-0.00037537808513863746,1358.6383010596066,4.414072441517484,42.25722663065545,46.62782909735252,85.92483392554422,0.09466605087492934,0.7533982544919041,0.004865477488143106,1354.3398712944854,4.449135423368539,42.189569543811146,46.58759718402635,86.27963081299798,0.09550042698690693,0.7509655157478325,0.004251878695128025,0.0008343761119775917,-0.002432738744071572,-0.0006135987930150806,1359.2678624227096,4.424529735595424,42.25761597841246,46.63603793320673,85.95680190832303,0.0948736198802382,0.7538241642423499,0.004324066788423917,1354.9574224429402,4.4823837051821025,42.17287803932037,46.598216426485855,86.420950866887,0.09619217319730655,0.7513914254982783,0.0037682184700455505,0.0013185533170683578,-0.002432738744071572,-0.0005558483183783665
39,1368.2121778667317,4.454951839058774,42.837360145480325,47.2923119845391,89.68845265586172,0.09420033938106465,0.7594874535920142,0.006486283460699478,1361.3365582441786,4.433922465862615,42.778478146656546,47.212400612519154,89.74952790808757,0.09391436165791761,0.7554931164497349,0.007475838955260535,-0.00028597772314703507,-0.003994337142279258,0.0009895554945610566,1368.2550110437544,4.466784195602158,42.82780164744447,47.294585843046626,89.74171229946803,0.09444599452516142,0.7595018996576283,0.006479060427892464,1363.5938467977041,4.5492517554214364,42.77060969414307,47.25372958019262,89.95536044199945,0.09627286133470297,0.7567932623549977,0.005655634687892753,0.0018268668095415552,-0.002708637302630601,-0.0008234257399997108,1368.4212149963132,4.486539359286612,42.819900564562275,47.29957337433066,89.7863836180423,0.09485369611645257,0.7596102451497335,0.006414053132629329,1364.6676667050685,4.589924076108128,42.75506217798911,47.273085565467866,90.16415382529205,0.09709381186365766,0.7574216662092079,0.004774424685436921,0.0022401157472050903,-0.0021885789405255984,-0.0016396284471924078,1370.1244085888068,4.5730171544203735,42.82123544802454,47.32782456804348,89.8248922984353,0.09662428383636608,0.7606142467099085,0.005200583621050807,1365.3738370587398,4.628357387011373,42.73774735749471,47.28625829142022,90.33292982291013,0.09787954374582346,0.7578550481776288,0.0042904814873669156,0.001255259909457379,-0.002759198532279683,-0.0009101021336838915
40,1377.5159894150358,4.703917132563211,43.28457183896773,47.98848897153095,93.77059027043747,0.09802178050144063,0.7653955128946456,0.008247079912108246,1367.8742228273873,4.671102629562396,43.205543861996524,47.87664649155892,93.83076932985772,0.09756536791660947,0.7597360356192899,0.009981785590378166,-0.000456412584831159,-0.005659477275355651,0.0017347056782699207,1377.5976888868029,4.716773642973264,43.27488817017457,47.991661813147836,93.8358497761709,0.098283190553761,0.7654461084769284,0.008239851971782121,1369.819674923491,4.715709085850755,43.19197715780138,47.907686243652144,94.08229004926164,0.0984332464287105,0.7608708222504915,0.008232624031455997,0.0001500558749494979,-0.004575286226436881,-7.227940326124532e-06,1377.7901814524885,4.741755791583493,43.25461778734512,47.99637357892861,93.90427865148125,0.09879404292463506,0.7655617555221464,0.008189256389499248,1373.1708960591309,4.810084791801491,43.19188666560562,47.96414837558028,94.3086667130933,0.10028500358510321,0.7628006823175668,0.005948594888400601,0.001490960660468152,-0.002761073204579634,-0.0022406615010986466,1379.3956369400114,4.7519069081096355,43.26526282899932,48.01716973710896,93.95256352991976,0.09896266135896874,0.766523071585521,0.007011102116340927,1374.8931226648735,4.859179041422386,43.183499937589495,47.99133278840607,94.49834119961994,0.10125117930869977,0.763855961605181,0.00478489649589453,0.0022885179497310337,-0.002667109980340032,-0.0022262056204463976
41,1386.175875972145,4.7030361927999085,43.783740541267534,48.48677673406745,98.06089495593653,0.09699626392148879,0.7701900194576453,0.010394288566282578,1373.4841300220357,4.661286044574397,43.677516390199166,48.33880243477356,98.11541717837484,0.09642948955684513,0.7628337275495664,0.013142952209419237,-0.0005667743646436546,-0.00735629190807896,0.0027486636431366587,1386.2301608136136,4.716316601651539,43.77349885368926,48.489815455340796,98.13962712009146,0.09726406581182548,0.770218952759152,0.010394288566282578,1375.2594191547532,4.7084534777875575,43.660420727328905,48.36887420511646,98.4153130514529,0.09734469853113714,0.7638608597530543,0.011457587396653864,8.063271931166294e-05,-0.006358093006097687,0.0010632988303712863,1386.4138560348424,4.742582229272262,43.7529371667414,48.495519396013655,98.23339823009124,0.09779423518582014,0.7703274526398021,0.010350888614022525,1378.2715349134935,4.758774347678641,43.6539497284128,48.41272407609144,98.69413572045416,0.09829594261622546,0.7656040911688331,0.009302056434404588,0.0005017074304053126,-0.0047233614709689675,-0.0010488321796179364,1387.9952811796243,4.753994764612018,43.76239664532592,48.51639140993794,98.29307840064652,0.09798739408385235,0.7712605516133932,0.009200789879131133,1383.2195809809323,4.868099282662111,43.670986941940235,48.48718905678158,98.89069638974446,0.10039970098001055,0.7684467880418665,0.006213426498564185,0.002412306896158206,-0.0028137635715267395,-0.0029873633805669484
42,1394.2345076585816,4.830859109653927,44.15938887556487,48.9902479852188,102.47052253843614,0.09860858657240273,0.7743210376976084,0.012232902889570907,1377.9988981884546,4.77424479371703,44.02585670163129,48.80010149534832,102.51053695109232,0.09783268164251906,0.7647591059123284,0.016264693960275637,-0.0007759049298836779,-0.009561931785279976,0.00403179107070473,1394.3848650332588,4.859808283787853,44.13561053285263,48.99541881664049,102.5761377737822,0.09918903442738404,0.7744223753546818,0.012240141293647576,1379.8282047228483,4.824963227019514,44.00730062645684,48.83226385347635,102.85932735926697,0.09880687165143638,0.7658303897156755,0.014643291447101744,-0.0003821627759476587,-0.008591985639006317,0.0024031501534541675,1394.6219815390898,4.873044144942671,44.12873299912585,49.00177714406853,102.68257738973426,0.09944627376708386,0.7745743818402918,0.012203949273264231,1382.7731578757603,4.879685718546228,43.99826630381219,48.87795202235842,103.19129579317789,0.09983408708110551,0.7674952226533094,0.012544154264867682,0.00038781331402165664,-0.007079159186982431,0.0003402049916034506,1396.1917528594377,4.899455140716589,44.12390980861408,49.02336494933066,102.76801791625049,0.09994122487880105,0.7755153743702589,0.011081996641380508,1387.3581696536626,4.933283505630903,44.00699917856069,48.9402826841916,103.44420635412071,0.10080210483182236,0.770130001737217,0.009518501360819966,0.0008608799530213096,-0.0053853726330418406,-0.0015634952805605416
43,1397.6044221927505,4.870125435272251,44.52441933864167,49.394544773913914,107.02048709391086,0.09859642309820914,0.7766204793533293,0.01462397056373632,1377.7921033578102,4.801320458396473,44.362075442054824,49.1633959004513,107.03259995688713,0.09766047219599001,0.765016912813901,0.019969433801001007,-0.0009359509022191237,-0.01160356653942829,0.005345463237264687,1397.7754190749984,4.900098058689426,44.500802473981686,49.40090053267111,107.15497026375125,0.09919046021132273,0.7767218838049847,0.014645700089091053,1379.6849184490181,4.854649051375439,44.34326210367396,49.1979111550494,107.43263220140491,0.09867591809082701,0.7661685776577021,0.018390421625223634,-0.0005145421204957173,-0.01055330614728267,0.0037447215361325805,1398.0534777833932,4.9133810677786895,44.49425177833095,49.407632846109635,107.27439685922565,0.09944578974431822,0.7768812336575861,0.01460948421349983,1382.4363723455267,4.910856471470919,44.33072123722884,49.24157770869976,107.82309364170447,0.09972987666078159,0.7677186171330064,0.01637681894235157,0.00028408691646336637,-0.009162616524579725,0.00176733472885174,1399.618848319362,4.940865577451407,44.48944890189003,49.43031447934144,107.38630582902572,0.09995618335619447,0.7778518191234309,0.013508521595526615,1386.5196420029356,4.965918430400527,44.332767068794425,49.29868549919495,108.13651002467923,0.10073125439585241,0.7700798922215543,0.013465062544817146,0.0007750710396579458,-0.007771926901876669,-4.3459050709468774e-05
44,1401.569060882031,4.792627037940906,44.912129779363134,49.704756817304045,111.60027607342896,0.09642189892522353,0.7789923093092875,0.01773715379206866,1377.8534662245163,4.707901851179182,44.714934504978906,49.42283635615809,111.57827358129096,0.09525762174498463,0.7650823795475468,0.024869707666770564,-0.0011642771802388985,-0.013909929761740769,0.0071325538747019045,1401.746583307603,4.822980791841522,44.8885518179937,49.711532609835224,111.76480866728258,0.09701935423506367,0.779122782855776,0.017773396443871006,1379.8177289383088,4.763618079804365,44.69598343741256,49.459601517216925,112.03211723724463,0.09631331295999516,0.7662493929355824,0.023354764821432453,-0.0007060412750685002,-0.0128733899201936,0.005581368377561447,1402.0394448525417,4.852338547004437,44.86727037849537,49.7196089254998,111.91234807860089,0.0975940610127327,0.7793257417058691,0.017758899383150065,1382.4127379262725,4.822885614281248,44.68073868302466,49.503624297305905,112.48183476969109,0.09742489934305114,0.7677498387201995,0.02144115280626853,-0.0001691616696815612,-0.011575902985669573,0.003682253423118464,1403.6433526376654,4.8657778693206755,44.877380658714976,49.74315852803566,112.03693948559963,0.09781803193253767,0.7802825477134511,0.016678868359440123,1386.0576284248452,4.8814656379842996,44.67708112827699,49.55854676626129,112.85631212508822,0.09849896650536025,0.7699026522372588,0.018664965678208745,0.0006809345728225752,-0.010379895476192225,0.0019860973187686218
45,1404.1865616978464,4.762483449884037,45.16734511334942,49.92982856323346,116.29122521748033,0.09538353298875454,0.7800265596539988,0.020805062299079122,1375.6548234038646,4.65731784767392,44.931718476828685,49.58903632450261,116.22258907817584,0.09391829712513847,0.7632127021908086,0.030042887310145643,-0.0014652358636160767,-0.016813857463190196,0.00923782501106652,1404.3614407605974,4.793617989979676,45.14399069228078,49.93760868226046,116.48610011276546,0.09599214132338965,0.7801644376392386,0.020877629659731646,1377.6627570545397,4.717334464013692,44.91222836579381,49.6295628298075,116.73328069156707,0.0950508969863515,0.7644100636415753,0.02862782377742139,-0.0009412443370381551,-0.01575437399766333,0.007750194117689745,1404.7870088714417,4.8242124024081825,45.12407237689248,49.948284779300664,116.66182853095475,0.09658414545613006,0.7804401936097182,0.020884886395796897,1380.0494386000594,4.778408269591322,44.89497975587099,49.67338802546231,117.24486585303475,0.0961965442570967,0.7658323839103648,0.026828153233238755,-0.00038760119903336054,-0.01460780969935338,0.005943266837441858,1406.4589094807834,4.855257134959785,45.11860347553249,49.97386061049227,116.81561525045447,0.09715593463556423,0.7814416231867231,0.01984717313846578,1383.362742960272,4.839508769489629,44.88652158774635,49.72603035723598,117.6832420860375,0.09732344879979744,0.7678352430643745,0.024186701305486818,0.00016751416423321785,-0.013606380122348605,0.004339528167021038
46,1404.7228998035791,4.790222749398283,45.38223331928722,50.172456068685506,120.99119849913096,0.0954751496087918,0.7796197685484515,0.024242116045418552,1371.1776102257693,4.66819623366113,45.09944051551904,49.76763674918017,120.8641167721704,0.09379983737600378,0.7599035255315904,0.03586554597429769,-0.0016753122327880232,-0.019716243016861146,0.011623429928879138,1405.008986740149,4.822522311790143,45.3604102185467,50.18293253033684,121.21591419659977,0.09609885410492516,0.779837707859618,0.024322027126179598,1372.9484401574532,4.7281599764729,45.07748249168546,49.805642468158354,121.4379282881721,0.09493221535081488,0.7609859574437172,0.034608762613237636,-0.0011666387541102857,-0.018851750415900814,0.010286735487058038,1405.3776778465863,4.853288245757344,45.339922779207384,50.19321102496473,121.42302602547187,0.0966921252227408,0.7800774411019011,0.02440193820694064,1375.2176523862656,4.790186356226429,45.05874746908604,49.84893382531247,122.012713592008,0.0960940583606635,0.7622863286670105,0.03292336527355016,-0.0005980668620773066,-0.01779111243489062,0.008521427066609518,1407.0667127391046,4.885035754674195,45.334529267213725,50.21956502188792,121.60799428885564,0.09727355767707425,0.7811017558643837,0.023384888088163715,1378.5214648065682,4.854571760171681,45.048571879643674,49.903143639815355,122.51447403303564,0.09727987870284084,0.7642114592489812,0.030380739976607847,6.321025766586885e-06,-0.016890296615402534,0.006995851888444132
47,1401.294477267255,4.650366706749479,45.50091912912179,50.15128583587127,125.82835723716475,0.0927267691992705,0.7782553674288707,0.027738988770582416,1361.8425178007676,4.499529179355095,45.17200087210262,49.671530051457715,125.62476781479377,0.09058567704062595,0.755192878338279,0.042183045324954906,-0.002141092158644553,-0.02306248909059172,0.01444405655437249,1401.5536778924284,4.68339983404558,45.47902251373546,50.16242234778104,126.08573261130182,0.09336470638469381,0.7784735555943446,0.02789172048641415,1363.4682177036607,4.560076367636149,45.148946235324466,49.70902260296062,126.26037583692872,0.0917353858284181,0.7562110897771571,0.04106301274218886,-0.0016293205562757096,-0.022262465817187493,0.013171292255774712,1401.933184800257,4.715052888614171,45.45924545217334,50.17429834078751,126.32316644710812,0.0939734693764761,0.778720835515215,0.027993541630301974,1365.510645848414,4.622229272760435,45.12940079873598,49.751630071496415,126.89874124303051,0.09290608701901792,0.7573820329318671,0.03959387909466457,-0.0010673823574581798,-0.02133880258334786,0.0116003374643626,1403.5964557726968,4.765089506270668,45.43720584638637,50.20229535265704,126.5567876569553,0.09491776168394793,0.7797390469540932,0.027055332518764182,1368.6129644328466,4.688305675944538,45.11739080487468,49.805696480819215,127.4673860168327,0.09413191677281457,0.7592439052772444,0.03720108221330075,-0.0007858449111333571,-0.02049514167684885,0.010145749694536566
48,1397.467930230368,4.526065648118487,45.655746189258466,50.181811837376955,130.4980246958865,0.09019334859382926,0.77598170922621,0.03170303705483592,1352.0066356347554,4.3485303372504465,45.27896903569933,49.627499372949785,130.19067104833306,0.08762340219021147,0.7494484370562922,0.04922926815060763,-0.0025699464036177816,-0.026533272169917854,0.017526231095771713,1397.6706920245194,4.5593979268108615,45.633424897389084,50.19282282419995,130.78918589584876,0.09083764710305543,0.7761418991240525,0.031936040542606875,1353.5481724566177,4.4094530033694,45.25609070235668,49.66554370572608,130.8874642779181,0.08878294033175,0.750431420520326,0.048319098276502326,-0.0020547067713054395,-0.02571047860372655,0.01638305773389545,1398.0797585866028,4.608274307478435,45.59781642913238,50.20609073661082,131.07440998404982,0.09178715649569649,0.776440434842759,0.0320962304404494,1355.3589025245763,4.473561171110988,45.233159139917085,49.70672031102807,131.59219383550388,0.08999912171068086,0.7514944989332809,0.047059423170740584,-0.0017880347850156297,-0.024945935909478134,0.014963192730291182,1399.8015115933906,4.641751890197713,45.59441651272914,50.23616840292686,131.33975824164852,0.09239860518357677,0.7774743878197427,0.031193341925336945,1358.1683222811096,4.541248607154836,45.217551775832554,49.75880038298739,132.23126411448368,0.0912652349373659,0.7531692115016346,0.044896859549866386,-0.0011333702462108797,-0.024305176318108024,0.01370351762452944
49,1390.0669303580385,4.456363132929835,45.684780105063716,50.141143237993546,135.20486419411506,0.08887637666691864,0.7716604326618107,0.03580724894459392,1338.1130169857688,4.2442003881056625,45.25678339064919,49.50098377875485,134.7700258893313,0.08573971796348855,0.7413361914969632,0.05666746870237913,-0.0031366587034300925,-0.030324241164847554,0.020860219757785216,1390.2017608042515,4.4897897471699375,45.66224493677925,50.15203468394919,135.5300086416389,0.08952358115605753,0.7717770924018054,0.036120771995829415,1339.2248729266676,4.30487773473927,45.23093637611713,49.5358141108564,135.53176336245616,0.08690435015573512,0.7421090622744274,0.056098752469905436,-0.0026192310003224084,-0.029668030127377953,0.01997798047407602,1390.795773472108,4.540438172767818,45.62920925142457,50.16964742419239,135.86198073364952,0.09050169586359033,0.7721270716217892,0.036361382709568284,1340.644465889782,4.368675170521875,45.2048420628485,49.573517233370374,136.30483221385828,0.08812518082903154,0.7430204664931354,0.05506339727745332,-0.002376515034558796,-0.029106605128653817,0.018702014567885034,1392.4408290781141,4.5742057885697,45.625804528697245,50.200010317266944,136.16123975137145,0.09111961849530423,0.7731259706454929,0.03555205576335572,1343.2834295303674,4.437910073453448,45.18817642953429,49.62608650298775,137.01363787080555,0.08942696041901799,0.7445880817493128,0.053087472931294705,-0.0016926580762862409,-0.02853788889618014,0.017535417167938987
50,1383.0440408777613,4.222854462920912,45.750705142127245,49.97355960504816,139.82808054651477,0.08450177446423755,0.767228412459658,0.04014486615944039,1323.583628401679,3.9793148429161733,45.256095956232485,49.23541079914865,139.24615300831084,0.08082221267837947,0.7327204754881201,0.06494881493056062,-0.003679561785858085,-0.03450793697153787,0.02480394877112023,1383.4364128179564,4.276161477835894,45.713428248249,49.98958972608489,140.20189770041037,0.0855410396697968,0.7674985761642595,0.04053185741197774,1324.6825630639682,4.041755914849345,45.23051664897374,49.27227256382309,140.06948725144102,0.08202901357176087,0.733392233888751,0.06462023745199118,-0.003512026098035928,-0.03410634227550857,0.024088380040013437,1383.850458465538,4.306838299662519,45.69870257759399,50.00554087725651,140.56674230915897,0.08612722158598533,0.7677614381471151,0.04087503833403917,1325.8021000686947,4.105161822400104,45.203215121241605,49.30837694364171,140.90876875009482,0.08325485600737184,0.7340420871241439,0.06393387560786834,-0.002872365578613492,-0.03371935102297119,0.023058837273829173,1385.491950459553,4.360556670085796,45.67688349881266,50.03744016889845,140.9186782580307,0.0871458782736885,0.7687471705828234,0.04021058165515429,1328.0718523041387,4.17480207269546,45.183030558365175,49.35783263106064,141.69145940949494,0.08458236211264021,0.7353856039254056,0.06228368649327511,-0.0025635161610482876,-0.03336156665741774,0.022073104838120826
51,1374.1841272450813,4.062423622335989,45.709203349510524,49.77162697184651,144.39894395762747,0.08162127439864308,0.7613899049012436,0.04428675932699341,1306.2881392720574,3.768574358440153,45.153853083004385,48.92242744144453,143.63177619297738,0.07703163059418457,0.7220190197512801,0.0735332845647403,-0.004589643804458518,-0.03937088514996345,0.029246525237746887,1374.7519224403654,4.117250430943141,45.674726758160105,49.79197718910324,144.82405594614252,0.08268903271919444,0.761777615215801,0.04479882955376737,1306.9399562364983,3.831196374010434,45.12622209571683,48.957418469727266,144.52128877371155,0.07825568614038438,0.7225018288222385,0.07359180687637161,-0.00443334657881006,-0.03927578639356255,0.02879297732260424,1375.0501386699823,4.14658314593035,45.66089350109868,49.80747664702902,145.21943544171842,0.08325222286035426,0.7620190197512802,0.04522311631309437,1307.6701355502298,3.8943995215301643,45.09590666912684,48.990306190657,145.42870368366823,0.07949326763491162,0.7229919531821507,0.07326993416239941,-0.003758955225442645,-0.039027066569129465,0.028046817849305038,1376.6628125202162,4.200207771718367,45.640796195647994,49.84100396736636,145.6241450125991,0.08427213413414532,0.7629846378931968,0.044711046086320407,1309.439431610584,3.960521131757873,45.074966165482174,49.035487297240046,146.28341657186613,0.08076846688093972,0.7240965618141917,0.07187271397220191,-0.0035036672532055974,-0.03888807607900513,0.0271616678858815
52,1362.5528320751805,3.8813218793146227,45.578708228478334,49.46003010779297,148.94229285553834,0.07847390854505522,0.7555930215510922,0.04824805746957924,1286.2541936060863,3.5468787147193654,44.95000757678126,48.49688629150062,147.95134653281093,0.07313621524895667,0.7113986219029468,0.08235595953672482,-0.005337693296098553,-0.04419439964814542,0.03410790206714558,1363.3176141696017,3.937956586982305,45.547384433953454,49.48534102093576,149.4200532804629,0.07957824490521898,0.7561208034012609,0.04881982114059522,1287.0528426014057,3.6130645266185644,44.92440483302716,48.53746935964573,148.90343120976135,0.0744386671634447,0.7118897522357426,0.08264917167570737,-0.005139577741774273,-0.04423105116551829,0.03382935053511215,1363.7184124720222,3.9890130005104347,45.51557341390283,49.50458641441326,149.86362663539347,0.0805786552202976,0.7563553731124468,0.04940624541856033,1287.4949630549224,3.6774932849881146,44.89156561195447,48.569058896942586,149.87858124185908,0.0757167910704486,0.712234276499047,0.082722474710453,-0.004861864149849002,-0.0441210966133998,0.03331622929189268,1365.0729096137343,4.021909658324755,45.513902345779705,49.53581200410446,150.30449282207957,0.08119195982881043,0.757176367101598,0.04903973024483214,1288.8821482860562,3.742981114507385,44.86771454087502,48.6106956553824,150.80424284708326,0.07699912671570551,0.7130992523090456,0.08170356252748864,-0.004192833113104921,-0.044077114792552385,0.032663832282656506
53,1352.4392087149788,3.7157751111768462,45.43758279280302,49.15335790397987,153.33237147861524,0.07559554971677705,0.748200329082682,0.05233002291825821,1267.2411297501176,3.330955486274586,44.737265811140674,48.06822129741526,152.0745443998124,0.069296416558973,0.699050949050949,0.09171710642298878,-0.006299133157804046,-0.04914938003173297,0.039387083504730566,1353.3911813109087,3.773736862981861,45.40904380551641,49.182780668498275,153.86509789956736,0.07672882280523337,0.7488173591114767,0.05302050890286184,1267.5957043885146,3.3967352224986787,44.70900204646385,48.10573726896252,153.0976335576464,0.07060977370552074,0.6993961920432509,0.09240024681201152,-0.0061190490997126284,-0.04942116706822586,0.03937973790914968,1353.7854890811298,3.8239125307219575,45.37907937363184,49.2029919043538,154.35890948936446,0.07771707334698874,0.7491405653170359,0.05372568607862725,1267.722590164246,3.4634658981345066,44.672807461400225,48.136273359534734,154.14275584015664,0.07195126785710075,0.6995651407416114,0.0929144385026738,-0.00576580548988799,-0.04957542457542452,0.03918875242404654,1355.0261386122818,3.8788349480639424,45.35644421208693,49.235279160150874,154.8546649112774,0.07878161786078225,0.7499412352353528,0.0535493917846859,1268.5560970889076,3.531190354571348,44.6436006893129,48.17479104388424,155.1413587018496,0.0732995468803311,0.7001087148145971,0.09230475406945995,-0.0054820709804511425,-0.0498325204207557,0.03875536228477405
54,1336.5862578257932,3.3429494410761875,45.2729175426899,48.6158669837661,157.63764484498458,0.06876251825751604,0.7391950993240954,0.05695121412478464,1240.876254749731,2.8938491844526353,44.49463702330274,47.38848620775537,156.0675017976619,0.061066504039942134,0.6844011839373279,0.10227657600612584,-0.007696014217573911,-0.05479391538676759,0.0453253618813412,1338.2841751292863,3.4088043221404365,45.24969370521151,48.65849802735195,158.22439696108808,0.0700556831866096,0.7401669881753523,0.05773167032352118,1241.1875211229024,2.9624805045733162,44.46626117515301,47.42874167972632,157.15904554454684,0.062461714134820594,0.6846736073274529,0.10338099515528133,-0.007593969051789003,-0.055493380847899454,0.04564932483176015,1339.090730053625,3.4633507565079547,45.22444504548556,48.687795801993516,158.76493667852972,0.07113385807385736,0.7406823837782915,0.05856366608255165,1241.340664542515,3.0311409811403696,44.432365655330884,47.46350663647126,158.27120407531453,0.06386255875184792,0.6848135004196793,0.10424244209162262,-0.007271299322009442,-0.05586888335861229,0.045678776009070964,1340.6139126825956,3.520338287942403,45.20540559523833,48.72574388318073,159.3133098994763,0.07224801526647522,0.7416100958635822,0.05851948931658543,1241.8759528907083,3.1025187347690903,44.40141742220089,47.503936156969985,159.3417740283615,0.06531077181725024,0.6852331796963583,0.10407309782208544,-0.006937243449224972,-0.056376916167223845,0.04555360850550001
55,1319.1062615017552,2.989218828615096,45.03076412244966,48.01998295106476,161.72686407884845,0.06224947709084547,0.7281949058693244,0.062111480251015136,1213.6664280808052,2.4757262969863842,44.17983616631226,46.65556246329865,159.7727056478593,0.05306390420078851,0.6681063122923588,0.11382798080472499,-0.009185572890056955,-0.06008859357696561,0.051716500553709854,1321.7135815806614,3.06649127834257,45.01252863685591,48.07901991519849,162.37627644800418,0.06378023686321457,0.7297083794758213,0.06294573643410853,1214.407671297404,2.55557476978093,44.150610767679275,46.70618553746021,160.9369173110903,0.054715981199776165,0.6685492801771872,0.11533407161314138,-0.009064255663438409,-0.06115909929863417,0.05238833517903285,1323.0804234645427,3.128456500044328,44.99021606820596,48.11867256825029,162.97005503689522,0.06501543648376845,0.7305647840531562,0.0639202657807309,1214.464733087744,2.6273195478767546,44.11705292320097,46.744372471077725,162.1206206010699,0.05620611442591006,0.6686526393503137,0.11662606127722407,-0.008809322057858393,-0.06191214470284245,0.052705795496493166,1324.753490685246,3.1844004706255356,44.97791354809793,48.162314018723464,163.57034963738357,0.06611809535122369,0.731546696197859,0.06398671096345515,1215.0359072502638,2.701362764354908,44.085833437249235,46.78719620160415,163.26595854202597,0.05773722265200172,0.6690882244370616,0.1167515688445921,-0.00838087269922197,-0.06245847176079733,0.05276485788113695
56,1297.8683340125915,2.555530595195339,44.724907360278195,47.28043795547353,165.64915387937515,0.05405048484538185,0.7168676483659744,0.06719060175994786,1182.4080758665302,1.9889479331603368,43.788451515031234,45.777399448191574,163.25613870098502,0.04344825082104811,0.6512621848241533,0.1255370211253,-0.010602234024333738,-0.06560546354182106,0.058346419365352134,1301.4705327686618,2.647203709259457,44.71007893440513,47.35728264366459,166.37489612209842,0.05589855586052291,0.7188972178602115,0.06809427868803887,1183.6072940143063,2.0875347799974096,43.75479151315616,45.84232629315357,164.50877023524586,0.045537278510867744,0.6520029036176705,0.12747029717637995,-0.010361277349655168,-0.066894314242541,0.05937601848834108,1303.7939531564919,2.7464805792858997,44.66884407227988,47.41532465156578,167.05175599972998,0.05792390117474822,0.7202601404402833,0.06927202156973127,1183.7154559330145,2.168827518021618,43.716778654210394,45.88560617223201,165.77284851560663,0.047265966366030025,0.6520991970608279,0.1293295013481082,-0.010657934808718197,-0.06816094337945544,0.06005747977837693,1305.659133472125,2.8135165247409666,44.65119671950045,47.464713244241416,167.71557692580953,0.05927596170787595,0.7214082545702349,0.06948683001985126,1184.3476437490963,2.2502970635886608,43.68335420386999,45.93365126745864,166.99849827429597,0.04899016301764948,0.6525065923972623,0.12996651951053304,-0.010285798690226465,-0.06890166217297267,0.060479689490681776
57,1274.6401967130662,2.238734916604861,44.334983290828944,46.5737182074338,169.2683141977997,0.04806863189736756,0.7022952964262353,0.07267943152762087,1148.272515583545,1.6152247339149193,43.306877174335256,44.92210190825018,166.38686689766192,0.03595612549951219,0.6309166319795445,0.13888475946958434,-0.012112506397855376,-0.07137866444669083,0.06620532794196347,1279.8789036511898,2.3594804076555365,44.3204176368972,46.67989804455273,170.0884677938958,0.050545963176774206,0.7052461794612594,0.07366801450912767,1150.9867985757662,1.741695236469111,43.27333683604181,45.01503207251092,167.7428301822716,0.0386914138740046,0.6325147172504014,0.14124843907950288,-0.011854549302769607,-0.07273146221085802,0.0675804245703752,1283.6859777642821,2.4824314359695117,44.28139157001373,46.76382300598324,170.86519651679652,0.05308444169870147,0.7073868704287328,0.0749910804543022,1151.5993760594924,1.8436420449315172,43.23102592961857,45.07466797455008,169.09728436559934,0.040901955084227545,0.6328937979425582,0.14367901528215496,-0.012182486614473922,-0.07449307248617465,0.06868793482785276,1286.3514810726967,2.5602258448354407,44.267223051041746,46.82744889587719,171.59521826974472,0.05467361355789872,0.7088585954688708,0.07537759410120712,1152.4626929877659,1.9367133788419562,43.19684457287019,45.13355795171215,170.40980055854627,0.04291071802746024,0.6334364036391746,0.144764226675388,-0.01176289553043848,-0.07542219182969612,0.06938663257418087
58,1243.5258656387948,1.6363404567073487,44.0798125170711,45.71615297377845,172.54371533911757,0.03579348545897791,0.6855243127070834,0.07819915823408256,1106.8707175966588,0.9629653859225102,42.952650776902715,43.91561616282522,169.11994916992592,0.021927630079289766,0.6084743738992866,0.1530252828273783,-0.013865855379688145,-0.07704993880779676,0.07482612459329573,1251.8184979864764,1.8437970028743587,44.0344172868945,45.87821428976886,173.51938670603542,0.04018894439153307,0.6901510402674547,0.0794752395450882,1111.039628482868,1.1374059130237129,42.90516901929686,44.04257493232057,170.62242331777915,0.0258251456635209,0.6108026626070864,0.1558610190740575,-0.014363798728012168,-0.07934837766036829,0.0763857795289693,1256.8012801366233,1.9646343219229636,44.02331082791254,45.9879451498355,174.3949177009119,0.04272063723486439,0.6928972269484494,0.08096773230649831,1112.8538525160097,1.2636130983455227,42.86274490740654,44.12635800575205,172.08490556184557,0.02863624272324504,0.6118026327572311,0.15882361720545654,-0.014084394511619351,-0.08109459419121823,0.07785588489895823,1260.6473025151583,2.095283995326669,43.98140489840447,46.076688893731145,175.23388189888252,0.04547384036555061,0.6950911913077221,0.0816169666577117,1114.1004914337693,1.3735673132711221,42.823885463215646,44.19745277648677,173.50091946313535,0.031077974566033492,0.6124891794274798,0.16039819706874422,-0.01439586579951712,-0.0826020118802423,0.07878123041103252
59,1203.8128919267137,0.8846915645263602,43.91956829943159,44.804259863957945,175.1669439784096,0.019745702020580323,0.6642288180680549,0.08444297907096987,1059.0194586140212,0.20719695406417077,42.68280444157549,42.890001395639665,171.15791298101826,0.004830891753835081,0.5825059385092656,0.16883350443233847,-0.014914810266745241,-0.08172287955878932,0.0843905253613686,1217.290005988149,1.1913281349504876,43.8697403712543,45.06106850620479,176.35960003265492,0.026438080019927732,0.6716322845089209,0.08598661681066459,1066.697347675253,0.46143948951766617,42.62553101959587,43.086970509113534,172.85175616577772,0.010709490225590701,0.586604821245251,0.1721980352339061,-0.01572858979433703,-0.08502746326366983,0.0862114184232415,1224.9779014421872,1.357813929531955,43.85805056826991,45.21586449780187,177.36092997813034,0.030029591264321927,0.6758585548253666,0.0875302545503593,1070.5563386387912,0.6349079372597165,42.57587270639468,43.210780643654395,174.45445252311742,0.014693276256580526,0.5888003836614188,0.1755475792613019,-0.015336315007741401,-0.08705817116394776,0.0880173247109426,1231.0285866958718,1.5242870253238918,43.8196585757397,45.34394560106359,178.33126311043512,0.0336161091655892,0.6792080988527625,0.08832455358146436,1072.884492221056,0.7773475646901612,42.53210227005,43.30944983474016,175.9918604672438,0.01794868250823683,0.5900517793047635,0.1776157540970094,-0.01566742665735237,-0.08915631954799896,0.08929120051554502
60,1152.631893791993,-0.5180354053302205,44.05521439630488,43.53717899097465,176.85347012556682,-0.011898690207686868,0.636515572419089,0.09176321792352689,1000.9980995537205,-1.174099085707287,42.69247347055039,41.518374384843106,172.26541817447284,-0.028279023519184536,0.551181576589802,0.18628181674458522,-0.01638033331149767,-0.08533399582928691,0.09451859882105833,1174.0113955640913,-0.05711275677241082,43.99072914508864,43.93361638831623,178.37464623741013,-0.0012999785009184782,0.6481393650578555,0.09347215634904503,1014.6071901050316,-0.7879714716271815,42.61587453356487,41.82790306193769,174.24212812698778,-0.018838416797045107,0.5584916171676793,0.19017398047142609,-0.01753843829612663,-0.08964774789017627,0.09670182412238106,1186.5332443934471,0.23707576163815292,43.93457884394995,44.1716546055881,179.5926591273868,0.005367146957817622,0.6550880442065482,0.0951283962328071,1021.9905416140227,-0.5325999899844605,42.554823160288706,42.022223170304244,176.03819322854685,-0.012674245906171661,0.5624816496149242,0.19396074711475483,-0.018041392863989283,-0.09260639459162401,0.09883235088194774,1195.2045165471452,0.41965601243821815,43.930561658652756,44.35021767109097,180.70067244761054,0.00946232137011054,0.659778214422838,0.09608449834752429,1026.5480488395979,-0.3398055260610663,42.5063299516495,42.166524425588435,177.73083019528954,-0.00805865626086218,0.5648982541725952,0.19668601455985424,-0.01752097763097272,-0.09487996025024281,0.10060151621232995
61,1088.0892206526478,-2.2809362710973615,44.2642855309285,41.98334925983114,177.19802718882588,-0.05432954519614083,0.6014016711068055,0.09935062969241948,933.7961092067959,-2.8402038728169168,42.773992788260095,39.93378891544317,172.04676577675966,-0.07112282480459936,0.5144935214337611,0.20573988859287964,-0.016793279608458528,-0.08690814967304439,0.10638925890046017,1122.8895118414775,-1.5524321599133455,44.17446062009526,42.622028460181916,179.2161570357107,-0.036423235026546166,0.6203000121094696,0.10122002906272705,957.2429415741466,-2.2280873456334733,42.661349660206355,40.43326231457288,174.4582863841706,-0.0551053073160122,0.5271933276822475,0.20987981351416807,-0.018682072289466035,-0.09310668442722214,0.10865978445144102,1143.9496574025798,-1.08487802792577,44.101296343396946,43.01641831547118,180.75362027768654,-0.02522009201160259,0.631796439815936,0.10308942843303463,970.64842494164,-1.8314912074101564,42.57616671699303,40.74467550958287,176.54491439553803,-0.04495044283711137,0.534451441026883,0.21413326471300556,-0.019730350825508784,-0.097344998789053,0.11104383627997093,1158.3766992288508,-0.7462665308561802,44.04695206119958,43.30068553034341,182.10175628764225,-0.0172345200016112,0.6396221845483168,0.10424739646403487,978.4186843317092,-1.5546172592065997,42.51329588731472,40.958678628108125,178.45496802812858,-0.03795574738438302,0.5385913659481715,0.2174558004359409,-0.020721227382771823,-0.10103081860014529,0.11320840397190603
62,992.3831531995215,-4.43428843158856,44.283017519481746,39.84872908789319,176.13343544055218,-0.11127803905133281,0.5498754921297319,0.11999969539358955,841.699439309455,-5.045985928588511,42.8218899987919,37.77590407020339,170.34970352995919,-0.13357684091983515,0.46510352810374894,0.22476907026508372,-0.022298801868502346,-0.08477196402598292,0.10476937487149417,1052.2015241565912,-3.3879530382403815,44.263060456026274,40.8751074177859,178.82717176481606,-0.08288548342178029,0.5825064538483212,0.1091024010600303,884.4988513248235,-3.97966947298958,42.62675350739854,38.64708403440896,173.4743929809457,-0.1029746376064577,0.4882993062589002,0.2298255366784194,-0.02008915418467741,-0.094207147589421,0.1207231356183891,1087.5295758756981,-2.629727433331439,44.15580551644118,41.52607808310973,180.87878874926758,-0.06332713212329703,0.6015824303022457,0.11123464593312367,908.9038296719561,-3.314118786356665,42.49253851420423,39.17841972784756,176.02048209509138,-0.0845904150646747,0.5013364606258138,0.23467639376470678,-0.021263282941377665,-0.10024596967643185,0.12344174783158311,1110.632788792407,-2.114114691804818,44.087169267324306,41.97305457551949,182.59050796771584,-0.050368378312829816,0.6140712931303639,0.11252922317750177,923.2190293069322,-2.873695599180846,42.40015642850187,39.52646082932103,178.25208194029076,-0.07270308393128677,0.5089440057266005,0.23848397389523063,-0.022334705618456956,-0.10512728740376343,0.12595475071772885
63,845.8675944494602,-5.577311263684246,42.94167791151606,37.364366647831815,174.29456493887935,-0.14926818688649943,0.47024968195821776,0.30680686050610795,696.4022118746275,-5.901759536146002,41.22205367883198,35.32029414268598,168.10816327141785,-0.1670925930657381,0.3860414144046105,0.4252333583679475,-0.017824406179238667,-0.08420826755360727,0.11842649786183956,943.0543742710146,-6.090160748444875,44.44871513399223,38.35855438554735,176.53199070832952,-0.1587692979050199,0.5233818187391751,0.13400671336388578,782.9107169651734,-6.762642492130469,42.914180816195724,36.15153832406526,170.43795198853923,-0.18706375456307298,0.4332648713271922,0.2510844075226461,-0.02829445665805308,-0.0901169474119829,0.11707769415876032,1007.5733079007586,-4.967929964335994,44.42734008456981,39.45941012023383,179.2738262562235,-0.1258997524088319,0.5586423064543322,0.11992857471299603,829.7077898681114,-5.561457799168807,42.67899351111271,37.1175357119439,173.77075431331096,-0.14983370238609908,0.45848596784329354,0.25670186839967507,-0.023933949977267194,-0.10015633861103868,0.13677329368667904,1046.9244745474086,-4.134337595724652,44.33795718651309,40.203619590788435,181.5363294142168,-0.10283495958338844,0.5800545652407155,0.12137700596232547,857.0778372703309,-4.811531447702324,42.53445326252634,37.72292181482402,176.51203851865762,-0.1275492781635894,0.4732001900587036,0.2608632343699707,-0.02471431858020097,-0.10685437518201191,0.13948622840764524
64,703.1877962730173,-7.14388331636825,42.03909641123634,34.8952130948681,171.0308909891687,-0.2047238770815494,0.392184412055336,0.4456444540513834,563.2354254979507,-6.989690140469135,39.93436971310443,32.944679572635295,164.8454049262743,-0.2121644596681691,0.3133028656126482,0.5613883399209486,-0.007440582586619698,-0.0788815464426878,0.11574388586956519,798.4679735832041,-6.967278396536523,42.96371359629301,35.99643519975648,173.3623722993183,-0.19355467723047357,0.4446177124505929,0.3269052618577075,640.8219721444736,-7.2789324870184515,41.107580222327265,33.82864773530881,166.85721603048694,-0.2151706607953185,0.3557929841897233,0.45375030879446643,-0.021615983564844926,-0.08882472826086957,0.1268450469367589,896.6523977314143,-7.6013192757324255,44.56441816656637,36.96309889083394,175.6333413881154,-0.205646158028633,0.4986413043478261,0.14820590415019763,727.39659990157,-8.215380351208212,42.857638495183224,34.64225814397501,169.43820669169446,-0.23714910030012096,0.40321609436758893,0.2796211091897233,-0.03150294227148795,-0.09542520998023718,0.1314152050395257,964.4201243214351,-6.486437700053045,44.62417720335221,38.137739503299166,178.60316391051026,-0.17007923868932834,0.5355576828063241,0.13109097084980237,776.6791141429574,-6.991023336853351,42.66427667413879,35.67325333728543,173.00355509152993,-0.1959738090258895,0.4299422554347826,0.28429162549407117,-0.025894570336561173,-0.1056154273715415,0.1532006546442688
65,567.0578348340075,-8.17526524333228,40.72944907737155,32.55418383403927,166.79153417118428,-0.2511279436464958,0.3170634858842399,0.5674099565549137,448.26026960034557,-7.74182248956357,38.55338630349327,30.811563813929695,160.76301915713825,-0.25126353651882954,0.2501284666531712,0.6665239259409209,-0.00013559287233372297,-0.0669350192310687,0.09911396938600725,654.8386416206484,-8.178978910175452,41.717307565807296,33.53832865563185,169.26640200783103,-0.24386960346642125,0.36560830906740993,0.46977530014481694,511.5742936304648,-7.957373581361844,39.49835874809202,31.54098516673018,162.7392487777815,-0.2522867798611243,0.2846509599962628,0.591328111618057,-0.008417176394703046,-0.08095734907114716,0.12155281147324004,750.0439134647061,-8.085539285307087,42.702019136287326,34.61647985098024,171.54783072115433,-0.23357485567898167,0.41793705912580387,0.3477631230632679,587.3812697918663,-8.311622556779684,40.70138956869164,32.38976701191195,164.96071523490767,-0.25661260711517087,0.3263364424858687,0.48474750463258537,-0.02303775143618919,-0.09160061663993518,0.13698438156931747,852.0373166395249,-8.832380536824276,44.453351255422895,35.62097071859862,173.9773059052588,-0.24795451551837314,0.4739407340506704,0.16288014450552019,675.8287908545084,-9.334100352168832,42.56039309696566,33.22629274479683,167.7381935084128,-0.280925122277764,0.3748890515268067,0.3088026907924446,-0.03297060675939087,-0.0990516825238637,0.14592254628692441
66,450.7703270985422,-8.997552740382618,39.61865976353099,30.621107023148372,161.33461668811455,-0.2938349921046557,0.253523228958821,0.67794466527361,357.71514612027,-8.43719742707476,37.55952450539997,29.122327078325213,155.55443597564226,-0.28971577045964464,0.20088296752502002,0.7521956354381059,0.004119221645011051,-0.05264026143380099,0.07425097016449589,516.2132548487778,-9.49995385293877,40.732809625392335,31.232855772453565,163.71151587550702,-0.30416539307678175,0.2899652783233044,0.5929315464500621,398.38475659092956,-8.93457714385845,38.43554928360752,29.500972139749074,157.4091856569581,-0.3028570415081394,0.22334993479866141,0.694873446558469,0.0013083515686423408,-0.06661534352464296,0.10194190010840698,602.8513484611962,-9.623284218852353,41.80297557430822,32.179691355455866,166.03181378201768,-0.29904836912678423,0.3380414460557118,0.4927335857593992,459.97175927897405,-9.254330327349157,39.444828804631896,30.19049847728274,159.49843504353106,-0.3065312198906787,0.25723891970023094,0.619923329510283,-0.0074828507638944886,-0.08080252635548085,0.12718974375088377,699.032274323916,-9.647446692465545,42.91041920882944,33.262972516363895,168.38999819588702,-0.2900356150587393,0.39111376455246744,0.36703640277144967,535.8365043044872,-9.699265419581375,40.74250073493274,31.043235315351364,161.84800851022555,-0.3124437682171915,0.29905418781127746,0.512969567471602,-0.022408153158452182,-0.09205957674118997,0.14593316470015238
67,377.36838279379333,-8.184355703685512,37.83202133414132,29.647665630455805,155.95770658541286,-0.27605396680128724,0.2128390984367929,0.7871609015632071,303.25928169888044,-7.965218790002883,36.164640484234944,28.199421694232058,150.27107214032145,-0.28246035951978754,0.1708492445954636,0.8291507554045364,-0.006406392718500298,-0.041989853841329305,0.04198985384132936,400.7481929640007,-9.726128709904597,39.172073297232494,29.4459445873279,157.63830457619406,-0.3303045239747632,0.22613707635024094,0.70580109400678,309.51667435071613,-9.124460673523032,37.06031411002957,27.935853436506545,151.63262960509743,-0.32662186942888227,0.17443771385927168,0.7799839630355909,0.0036826545458809035,-0.051699362490969264,0.07418286902881088,462.1809752629082,-10.405107217251585,40.35161628189619,29.946509064644605,159.76229141399827,-0.3474564328947458,0.2604815852777491,0.6189077398201002,347.94424374001426,-9.694828612283699,37.952483358706,28.257654746422297,153.54993065504235,-0.3430868095488767,0.19558745306012273,0.723076556657325,0.0043696233458691,-0.06489413221762638,0.10416881683722479,548.0796988602547,-10.754367787234635,41.59343239836599,30.83906461113136,161.99947574693945,-0.3487254857708248,0.3081240721187053,0.5155566493859113,408.4301527035143,-10.104670936390308,39.03071847552132,28.92604753913101,155.70877619844515,-0.3493277442319336,0.228971331941346,0.6484887939726419,-0.0006022584611087844,-0.0791527401773593,0.13293214458673064
68,306.1732227520983,-9.056174277551701,37.23494355549132,28.17876927793962,150.29487861656906,-0.3213828889482952,0.1732883588322692,0.8267116411677308,249.07240842666698,-8.794245060670196,35.718236273185056,26.923991212514867,144.5960950727928,-0.32663229575644925,0.14092278038790507,0.8590772196120949,-0.005249406808154056,-0.032365578444364135,0.03236557844436416,325.1043895584479,-9.012437322726878,37.48926762768262,28.476830304955744,151.53668240100933,-0.3164831628454965,0.1840742079267558,0.8159257920732442,255.11659234048483,-8.766640475630544,35.80631892994477,27.039678454314227,145.61890393581123,-0.32421393214577265,0.14431193028952335,0.8556880697104766,-0.0077307693002761635,-0.039762277637232446,0.03976227763723239,342.58279270636945,-10.643335507392038,38.801990259154124,28.15865475176209,152.8791893353698,-0.3779774140924118,0.1941774083443762,0.7370758543147412,259.62455874264583,-9.979180104806513,36.70878215140507,26.72960204659855,146.98191781037113,-0.3733381472499851,0.1467453720435289,0.808609404489419,0.004639266842426715,-0.0474320363008473,0.07153355017467777,399.90202007320516,-11.396349627454413,39.99601685891013,28.59966723145572,154.85297978214936,-0.3984783995989991,0.2264466128578886,0.6524274183833273,295.65081414636865,-10.619028834093326,37.63631714241652,27.0172883083232,148.9157711122117,-0.3930456940351756,0.1667349315343533,0.7534032044332009,0.0054327055638235255,-0.059711681323535326,0.10097578604987356
69,238.56742652507384,-9.662015798749445,36.47799920908817,26.815983410338724,144.00982049337355,-0.3603080912939527,0.1353813369771206,0.8646186630228794,195.90703136855203,-9.344139091086497,35.076299454060226,25.732160362973733,138.37255094222067,-0.3631307655198618,0.11122497946302938,0.8887750205369707,-0.0028226742259090942,-0.024156357514091217,0.024156357514091287,252.29930265866568,-9.621088371077668,36.66844126444822,27.047352893370547,145.37930318402002,-0.3557127534441956,0.14318131908352244,0.8568186809164776,200.56818784966904,-9.331450353810892,35.152688480377066,25.82123812656618,139.4496417987765,-0.3613866348341457,0.1138927522794004,0.8861072477205996,-0.005673881389950064,-0.029288566804122035,0.02928856680412195,266.4408047683364,-9.558088497241824,36.825700562707404,27.267612065465578,146.25963159627003,-0.3505289892746839,0.15136357351422133,0.8486364264857786,204.40339527677676,-9.315872225398005,35.21184768376077,25.895975458362763,140.45689380060045,-0.35974208580698847,0.11595864952134625,0.8840413504786537,-0.009213096532304565,-0.03540492399287508,0.03540492399287509,278.611300896754,-11.28078665173419,38.12701850505986,26.846231853325673,147.40370726161706,-0.4202000010044889,0.15860234731474027,0.770758607227387,205.56079733487778,-10.608501445549454,36.127384416366766,25.518882970817312,141.79113004208259,-0.41571182632410053,0.1166581265402728,0.8378677337757933,0.004488174680388368,-0.04194422077446747,0.06710912654840628
70,166.87382313732124,-10.287930234100832,35.735002322148944,25.44707208804811,137.06256690631548,-0.40428738514608253,0.09511292754674072,0.9048870724532593,139.36923638491163,-9.92510688003314,34.46201521011892,24.536908330085787,131.53006800436975,-0.404497043658248,0.07947363650596155,0.9205263634940385,-0.00020965851216547815,-0.01563929104077917,0.015639291040779213,176.29770392279576,-10.284986078664485,35.89222307317654,25.607236994512053,138.52805244853212,-0.4016437259853019,0.10042764973920781,0.8995723502607922,142.68763151892986,-9.941616451694658,34.5296134441662,24.587996992471542,132.64481655494555,-0.4043280326876006,0.08133584924316709,0.9186641507568329,-0.002684306702298689,-0.01909180049604073,0.019091800496040756,186.0220345657891,-10.253137983886921,36.020931149128025,25.767793165241105,139.5148920406972,-0.39790516472002985,0.10603076770956073,0.8939692322904392,145.45258029987644,-9.935437660821572,34.5788306919765,24.64339303115493,133.692410882566,-0.4031684130615005,0.0828602269262778,0.9171397730737222,-0.005263248341470628,-0.023170540783282928,0.023170540783282956,194.74428617198114,-10.211751520768672,36.13313045995503,25.92137893918635,140.1347803742877,-0.39395093697469824,0.111254851228978,0.888745148771022,146.37199525867098,-9.955600684617126,34.64082287031148,24.685222185694357,134.59989064086784,-0.4033020488827774,0.08342877860268126,0.9165712213973187,-0.009351111908079135,-0.027826072626296744,0.02782607262629677
71,90.96316188387247,-10.826362968778978,34.86924184357411,24.04287887479513,129.63800696969616,-0.45029395294789676,0.051871224338031936,0.9481287756619681,77.07969733891491,-10.411913277056115,33.70264865933201,23.2907353822759,124.27568971425335,-0.44704098458735286,0.044008656344783216,0.9559913436552168,0.0032529683605438953,-0.00786256799324872,0.007862567993248692,96.20176882344067,-10.87493747851685,35.00796836019166,24.133030881674813,131.1488844672279,-0.45062460375727736,0.05488757613990525,0.9451124238600948,79.19652719287024,-10.457544934955772,33.76653592155341,23.308990986597642,125.3949974063813,-0.44864854686196926,0.045170077121681806,0.9548299228783182,0.0019760568953081092,-0.009717499018223441,0.009717499018223497,101.1064128316868,-10.888344340395243,35.10037227607708,24.212027935681842,132.22055298527513,-0.449708069448773,0.05779530585473049,0.9422046941452695,80.39999662707574,-10.491613767945948,33.81293821628032,23.321324448334373,126.46775236860573,-0.4498721241663986,0.045938787276175834,0.9540612127238242,-0.00016405471762559465,-0.011856518578554659,0.011856518578554631,105.70229569503391,-10.877023284446437,35.17085386945764,24.2938305850112,132.9348985333152,-0.4477277984789002,0.06063619120829539,0.9393638087917047,80.53316937278682,-10.523437049625008,33.85755147603015,23.33411442640515,127.38628282747574,-0.4509893479272805,0.04603905381806636,0.9539609461819336,-0.0032615494483803076,-0.014597137390229026,0.014597137390228943
72,0.0,-11.337960001723093,33.8800019113236,22.542041909600513,121.92386998870123,-0.5029695201167348,0.0,1.0,0.0,-10.897668898878905,32.84495688604787,21.947287987168966,116.75245954208502,-0.4965382923507453,0.0,1.0,0.006431227765989478,0.0,0.0,0.0,-11.428253341187737,33.97127815301148,22.54302481182374,123.45992471556667,-0.5069529682278332,0.0,1.0,0.016882379003559756,-10.960370848243977,32.877153304630674,21.91678245638669,117.87653954615223,-0.5000903243920303,8.488315833255523e-06,0.9999915116841668,0.0068626438358029285,8.488315833255523e-06,-8.488315833221627e-06,0.0,-11.489764679279249,34.02939878340988,22.53963410413063,124.57144318295559,-0.5097582607684668,0.0,1.0,0.016882379003559756,-11.01465358030844,32.90658756774928,21.891933987440837,118.95038064764421,-0.5031375294036345,8.488315833255523e-06,0.9999915116841668,0.006620731364832211,8.488315833255523e-06,-8.488315833221627e-06,0.0,-11.524229473007487,34.06495053577872,22.54072106277123,125.34489980204897,-0.5112626805910467,0.0,1.0,0.0,-11.062566457769641,32.94150132759447,21.87893486982483,119.86184741639458,-0.5056263718316106,0.0,1.0,0.005636308759436104,0.0,0.0
73,0.0,-11.353351993851327,33.532987616395765,22.179635622544435,113.07425590117879,-0.5118818084780095,0.0,1.0,0.0,-10.92442618149853,32.52673243527474,21.602306253776206,108.22017566609483,-0.5057064765753368,0.0,1.0,0.0061753319026726095,0.0,0.0,0.0,-11.452511983567595,33.6321458967865,22.1796339132189,114.53949603716677,-0.5163526155741452,0.0,1.0,0.01717289656032302,-10.98635906026302,32.55741277203606,21.57105371177304,109.30308681878175,-0.5093102639796817,8.634385577122331e-06,0.9999913656144229,0.007042351594463536,8.634385577122331e-06,-8.63438557707763e-06,0.0,-11.511559870687265,33.686270976056726,22.174711105369457,115.61334062047976,-0.519130094457006,0.0,1.0,0.01717289656032302,-11.050329809734876,32.59552760591529,21.545197796180407,110.33291762517537,-0.5128906178663122,8.634385577122331e-06,0.9999913656144229,0.006239476590693793,8.634385577122331e-06,-8.63438557707763e-06,0.0,-11.556305941889267,33.7307885664729,22.174482624583632,116.35707029287498,-0.5211533516943221,0.0,1.0,0.0,-11.116805088508194,32.64789042050518,21.53108533199699,111.19481623621759,-0.516314199544214,0.0,1.0,0.004839152150108106,0.0,0.0
74,0.0,-11.404348781468888,33.258111434562856,21.853762653093966,104.18709219505224,-0.5218482950739975,0.0,1.0,0.0,-10.973834336373198,32.26591536706557,21.29208103069237,99.64977493396741,-0.5153951049009489,0.0,1.0,0.006453190173048684,0.0,0.0,0.0,-11.493547805617153,33.34553188924619,21.851984083629038,105.59433610998408,-0.5259727337174767,0.0,1.0,0.01749803093354423,-11.040306612986159,32.300608022009165,21.260301409023004,100.68853338191826,-0.5192921022418141,8.79786036036036e-06,0.9999912021396397,0.006680631475662557,8.79786036036036e-06,-8.797860360343357e-06,0.0,-11.562766884601343,33.40809762394218,21.84533073934084,106.62183457737834,-0.5293015254641201,0.0,1.0,0.01749803093354423,-11.102466818550912,32.33620069783795,21.23373387928704,101.67666931017324,-0.5228692646177073,8.79786036036036e-06,0.9999912021396397,0.006432260846412796,8.79786036036036e-06,-8.797860360343357e-06,0.0,-11.611176521278379,33.45584122801289,21.844664706734516,107.33226677728975,-0.5315337487280707,0.0,1.0,0.0,-11.16872486235922,32.38750340441413,21.218778542054913,102.4896875966902,-0.5263604047812261,0.0,1.0,0.005173343946844544,0.0,0.0
75,0.0,-11.540974550802936,32.92722582753287,21.38625127672994,95.33810458178655,-0.5396445782604499,0.0,1.0,0.0,-11.091252147579839,31.93709093902776,20.845838791447925,91.12878415004148,-0.5320607272531562,0.0,1.0,0.0075838510072936405,0.0,0.0,0.0,-11.648414535684823,33.03040675383133,21.381992218146497,96.67140253320883,-0.5447768578738436,0.0,1.0,0.017863106924047484,-11.168345258040912,31.981849143429045,20.813503885388133,92.11365216220752,-0.5365913072369094,8.981417447301533e-06,0.9999910185825527,0.008185550636934158,8.981417447301533e-06,-8.981417447317952e-06,0.0,-11.717911237484092,33.09167604761864,21.373764810134553,97.6532908255856,-0.5482380545297263,0.0,1.0,0.017863106924047484,-11.241514721120648,32.0272947146374,20.785779993516744,93.05045630412421,-0.5408271772638299,8.981417447301533e-06,0.9999910185825527,0.007410877265896398,8.981417447301533e-06,-8.981417447317952e-06,0.0,-11.751391182010424,33.12316493882007,21.371773756809645,98.34617433551288,-0.5498556795392849,0.0,1.0,0.0,-11.293355674423667,32.0640475494314,20.770691875007735,93.82888901748449,-0.5437159119389932,0.0,1.0,0.006139767600291779,0.0,0.0
76,0.0,-11.282780636589079,32.45636257283844,21.173581936249363,86.5596619579876,-0.5328706626285492,0.0,1.0,0.0,-10.821570494598637,31.477667506737784,20.65609701213915,82.68302364692451,-0.5238923155830953,0.0,1.0,0.00897834704545386,0.0,0.0,0.0,-11.391210324518005,32.5573163719956,21.166106047477594,87.8195655376568,-0.5381816711570108,0.0,1.0,0.01828315258845933,-10.890153192160529,31.512421296658275,20.622268104497742,83.62425700674228,-0.5280773742722011,9.192612816340788e-06,0.9999908073871837,0.010104296884809627,9.192612816340788e-06,-9.192612816288914e-06,0.0,-11.4518997341046,32.607252004487776,21.155352270383176,88.76774101017821,-0.5413239915714804,0.0,1.0,0.01828315258845933,-10.955597138079774,31.547416332269364,20.591819194189593,84.52133606911245,-0.5320363895372159,9.192612816340788e-06,0.9999908073871837,0.009287602034264486,9.192612816340788e-06,-9.192612816288914e-06,0.0,-11.498922931016862,32.65172337901819,21.15280044800133,89.43178654676312,-0.5436123202355159,0.0,1.0,0.0,-11.020915420027896,31.595410006056195,20.574494586028298,85.2555884032854,-0.535659108122732,0.0,1.0,0.00795321211278388,0.0,0.0
77,0.0,-10.99240895592371,31.97485002126519,20.98244106534148,78.0139439060341,-0.5238860875001253,0.0,1.0,0.0,-10.548904478766262,31.036117111513057,20.487212632746793,74.45420654128685,-0.5149018886983618,0.0,1.0,0.008984198801763488,0.0,0.0,0.0,-11.100950262230011,32.07158984130776,20.970639579077755,79.20266036656922,-0.5293567809589053,0.0,1.0,0.018747077396106843,-10.622971603489882,31.073812418681054,20.45084081519117,75.3486911327532,-0.519439357016509,9.425870243470229e-06,0.9999905741297566,0.009917423942396253,9.425870243470229e-06,-9.425870243440215e-06,0.0,-11.173990701520031,32.131519037835,20.95752833631497,80.10478369378235,-0.5331731167056502,0.0,1.0,0.018747077396106843,-10.701789511823012,31.12011191808996,20.41832240626695,76.1922488118392,-0.5241267768667585,9.425870243470229e-06,0.9999905741297566,0.009046339838891693,9.425870243470229e-06,-9.425870243440215e-06,0.0,-11.233343959556448,32.18678319670081,20.95343923714436,80.72910583833628,-0.5361097924031007,0.0,1.0,0.0,-10.754159792506474,31.154471870379385,20.40031207787291,76.89332529624535,-0.5271566313032493,0.0,1.0,0.008953161099851448,0.0,0.0
78,0.0,-10.712891981767251,31.511726838639767,20.79883485687251,69.69565665303912,-0.5150717362529285,0.0,1.0,0.0,-10.268415471075926,30.5927749680595,20.324359496983575,66.4545076464776,-0.5052270145388791,0.0,1.0,0.009844721714049376,0.0,0.0,0.0,-10.821744611987901,31.606015284293147,20.784270672305244,70.81325765005036,-0.5206699230686852,0.0,1.0,0.019265715968715756,-10.350653503583487,30.635434455952552,20.284780952369065,67.29570952357203,-0.5102669596426986,9.686637283866906e-06,0.9999903133627162,0.010402963425986567,9.686637283866906e-06,-9.686637283845556e-06,0.0,-10.894899302522106,31.662612709411704,20.767713406889598,71.67134205298139,-0.52460755255356,0.0,1.0,0.019265715968715756,-10.420255506021554,30.672129569417958,20.251874063396404,68.09370695329852,-0.5145329006788221,9.686637283866906e-06,0.9999903133627162,0.010074651874737883,9.686637283866906e-06,-9.686637283845556e-06,0.0,-10.945128957030503,31.705957010266708,20.760828053236203,72.26592683746229,-0.5272009829744905,0.0,1.0,0.0,-10.48236113255078,30.7150030672368,20.232641934686022,68.75416280031966,-0.5180915654213326,0.0,1.0,0.009109417553157861,0.0,0.0
79,0.0,-10.343103574418908,30.987801885554468,20.644698311135556,61.767612046201386,-0.5010053147078413,0.0,1.0,0.0,-9.899225821180002,30.08842869153171,20.189202870351707,58.84213760270017,-0.490322767310305,0.0,1.0,0.010682547397536268,0.0,0.0,0.0,-10.466043059285449,31.091637158382564,20.625594099097114,62.802846642853915,-0.5074298955463106,0.0,1.0,0.019872269174197387,-9.989829998207254,30.13768192819503,20.147851929987773,59.62107837399413,-0.49582605793020224,9.991607050077935e-06,0.9999900083929499,0.011603837616108337,9.991607050077935e-06,-9.991607050063855e-06,0.0,-10.546427308790317,31.15360156459458,20.60717425580426,63.61044858165354,-0.5117842542540634,0.0,1.0,0.019872269174197387,-10.072273439035042,30.186183406910807,20.113909967875767,60.36358500725143,-0.5007615851478715,9.991607050077935e-06,0.9999900083929499,0.011022669106191874,9.991607050077935e-06,-9.991607050063855e-06,0.0,-10.5922474699558,31.192857851896466,20.60061038194067,64.17865805984826,-0.5141715353852522,0.0,1.0,0.0,-10.138499568258693,30.232601172106822,20.09410160384813,60.97962148989252,-0.5045510253773732,0.0,1.0,0.009620510007879002,0.0,0.0
80,0.0,-10.031465121726265,30.53165750473036,20.500192383004098,54.086960573579304,-0.4893351698515258,0.0,1.0,0.0,-9.597676856299033,29.662024938213158,20.064348081914122,51.46701046499225,-0.4783448142504226,0.0,1.0,0.01099035560110323,0.0,0.0,0.0,-10.163402835997568,30.64142193062396,20.47801909462639,55.02971524307754,-0.49630790893561244,0.0,1.0,0.020561742081200596,-9.690816565200814,29.71315388910524,20.02233732390443,52.18078174969197,-0.4840002647258901,1.0338268133322306e-05,0.9999896617318667,0.012307644209722357,1.0338268133322306e-05,-1.0338268133347484e-05,0.0,-10.257206650420969,30.713462191101264,20.4562555406803,55.77636942976532,-0.50142151529262,0.0,1.0,0.020561742081200596,-9.781462186582276,29.765532190811403,19.984070004229125,52.86297691729963,-0.48946296647841386,1.0338268133322306e-05,0.9999896617318667,0.01195854881420616,1.0338268133322306e-05,-1.0338268133347484e-05,0.0,-10.316215473963435,30.76319050412383,20.44697503016039,56.308699080167436,-0.50453504534272,0.0,1.0,0.0,-9.848364537656447,29.81062013803365,19.9622556003772,53.43655472840156,-0.493349285512122,0.0,1.0,0.011185759830597997,0.0,0.0
81,0.0,-9.55813353122063,29.935855318156882,20.37772178693625,46.84345519484687,-0.469048190526782,0.0,1.0,0.0,-9.116725737205565,29.080790455857706,19.964064718652143,44.53192860835982,-0.4566567913741502,0.0,1.0,0.012391399152631766,0.0,0.0,0.0,-9.672911391011219,30.02351260506291,20.35060121405169,47.71432912359971,-0.47531329857381627,0.0,1.0,0.021370354880628908,-9.197432670308212,29.117692075767227,19.920259405459014,45.196533497699086,-0.46171249495815886,1.0744831735935016e-05,0.9999892551682641,0.013600803615657409,1.0744831735935016e-05,-1.0744831735909344e-05,0.0,-9.777934974130272,30.10307968773631,20.325144713606043,48.38994053237837,-0.48107578626905095,0.0,1.0,0.021370354880628908,-9.292480465744143,29.17253063446022,19.880050168716078,45.81236885559755,-0.4674274152671458,1.0744831735935016e-05,0.9999892551682641,0.013648371001905135,1.0744831735935016e-05,-1.0744831735909344e-05,0.0,-9.839165621378747,30.150889101956277,20.311723480577527,48.88713515681532,-0.48440821040061677,0.0,1.0,0.0,-9.372267956555831,29.227201121823636,19.85493316526781,46.332234314681436,-0.47203724528021673,0.0,1.0,0.012370965120400035,0.0,0.0
82,0.0,-9.08140305093872,29.361596605057628,20.28019355411891,40.02921265001318,-0.44779666558430287,0.0,1.0,0.0,-8.659253933290827,28.548585583569757,19.889331650278937,38.00624581238472,-0.43537179054326774,0.0,1.0,0.012424875041035122,0.0,0.0,0.0,-9.19651730009437,29.443812237309327,20.247294937214956,40.83013406809306,-0.45420967732291867,0.0,1.0,0.022329585584712822,-8.747451207404147,28.588688430378316,19.841237222974172,38.61702337156804,-0.4408722656304654,1.1227124733355788e-05,0.9999887728752667,0.013337411692453283,1.1227124733355788e-05,-1.1227124733337313e-05,0.0,-9.28346490187196,29.49969490857352,20.216230006701558,41.45583239822815,-0.4592085121110389,0.0,1.0,0.022329585584712822,-8.825635920213788,28.62480591033405,19.799169990120262,39.185354684862354,-0.44575787392187444,1.1227124733355788e-05,0.9999887728752667,0.013450638189164477,1.1227124733355788e-05,-1.1227124733337313e-05,0.0,-9.343654238850862,29.54310412310197,20.199449884251106,41.91940661510378,-0.4625697379083489,0.0,1.0,0.0,-8.900732306931085,28.67129528187507,19.77056297494399,39.65646331405299,-0.45020125720301096,0.0,1.0,0.012368480705337914,0.0,0.0
83,0.0,-8.344144824218233,28.543974441208324,20.199829616990094,33.866543961418515,-0.4130799606943202,0.0,1.0,0.0,-7.934910994432939,27.766111213289182,19.831200218856246,32.12159716013439,-0.4001225799176859,0.0,1.0,0.012957380776634275,0.0,0.0,0.0,-8.469523251840121,28.631556088407546,20.162032836567427,34.58992978117904,-0.42007288255572806,0.0,1.0,0.023467247829318142,-8.03147666466474,27.812884566265843,19.781407901601103,32.67037588793008,-0.4060113771788041,1.1799131583915423e-05,0.9999882008684161,0.014061505376923966,1.1799131583915423e-05,-1.1799131583889455e-05,0.0,-8.571369522426076,28.6958581693543,20.124488646928224,35.152991013094024,-0.42591738219069725,0.0,1.0,0.023467247829318142,-8.121633497102545,27.85678316828586,19.735149671183315,33.182448799376445,-0.4115313860001536,1.1799131583915423e-05,0.9999882008684161,0.014385996190543648,1.1799131583915423e-05,-1.1799131583889455e-05,0.0,-8.635748359470389,28.7416721931422,20.105923833671806,35.578593589326985,-0.4295126367189317,0.0,1.0,0.0,-8.199664306776317,27.902760424383438,19.70309611760712,33.6030771405996,-0.41616120927557754,0.0,1.0,0.013351427443354158,0.0,0.0
84,0.0,-7.724768946774054,27.865667065461594,20.14089811868754,28.13993083770425,-0.3835364689922492,0.0,1.0,0.0,-7.330656148797038,27.12535659773345,19.794700448936414,26.664173255426977,-0.37033428051652684,0.0,1.0,0.013202188475722354,0.0,0.0,0.0,-7.85818101415438,27.95633254234367,20.098151528189288,28.776007179476416,-0.3909902362479775,0.0,1.0,0.024767395838640786,-7.429297739030545,27.16933051070426,19.74003277167371,27.149847955477597,-0.3763569100904098,1.2452834887862222e-05,0.9999875471651122,0.014633326157567739,1.2452834887862222e-05,-1.2452834887821673e-05,0.0,-7.947487649554276,28.003944307771558,20.05645665821728,29.285097451132252,-0.3962558185120965,0.0,1.0,0.024767395838640786,-7.5059405025284835,27.19780056248557,19.691860059957083,27.615933117269165,-0.38116970563850544,1.2452834887862222e-05,0.9999875471651122,0.015086112873591073,1.2452834887862222e-05,-1.2452834887821673e-05,0.0,-8.017291971089552,28.050977959900692,20.03368598881114,29.670535328673694,-0.4001905578218221,0.0,1.0,0.0,-7.57459227812737,27.23382920457413,19.659236926446756,27.99237004678337,-0.38529431770251393,0.0,1.0,0.01489624011930818,0.0,0.0
85,0.0,-7.117132862149407,27.22063136075749,20.103498498608083,22.879064573092826,-0.3540245924181893,0.0,1.0,0.0,-6.7365239895546285,26.51531849039619,19.77879450084156,21.66644264389396,-0.3405932545215533,0.0,1.0,0.013431337896635975,0.0,0.0,0.0,-7.247944117040078,27.304045945263148,20.056101828223074,23.4301168089796,-0.3613834921221194,0.0,1.0,0.02631371967652375,-6.837218728074026,26.5576279503694,19.720409222295373,22.08611592477197,-0.3467077508890661,1.3230313293818797e-05,0.9999867696867062,0.014675741233053319,1.3230313293818797e-05,-1.3230313293810525e-05,0.0,-7.35289722380597,27.363431693317978,20.010534469512006,23.870720754443223,-0.36745131595604424,0.0,1.0,0.02631371967652375,-6.929578069117496,26.596586045842116,19.66700797672462,22.494727991458415,-0.3523453123789072,1.3230313293818797e-05,0.9999867696867062,0.01510600357713704,1.3230313293818797e-05,-1.3230313293810525e-05,0.0,-7.4212626032306295,27.402782400429448,19.98151979719882,24.216350403008114,-0.3714063133611591,0.0,1.0,0.0,-7.010969251837398,26.638996906387643,19.628027654550248,22.817987832160274,-0.35719173496334905,0.0,1.0,0.01421457839781004,0.0,0.0
86,0.0,-6.374968818298055,26.47948829723128,20.104519478933227,18.29849194438101,-0.31709132988620525,0.0,1.0,0.0,-6.030255108200773,25.822190867567464,19.79193575936669,17.32301014230297,-0.3046824313456508,0.0,1.0,0.012408898540554436,0.0,0.0,0.0,-6.504528963847624,26.55398170765805,20.049452743810424,18.769887325258082,-0.3244242646900012,0.0,1.0,0.02829477306137784,-6.129798377533173,25.858590424499322,19.72879204696615,17.679035263484103,-0.31070317751541204,1.4226369999430946e-05,0.9999857736300005,0.013721087174589142,1.4226369999430946e-05,-1.422636999948157e-05,0.0,-6.607423109166628,26.60525338750875,19.99783027834212,19.146773790735836,-0.3304070000195242,0.0,1.0,0.02829477306137784,-6.228978566398314,25.900261449975293,19.67128288357698,18.023386639557753,-0.3166533979132962,1.4226369999430946e-05,0.9999857736300005,0.013753602106228002,1.4226369999430946e-05,-1.422636999948157e-05,0.0,-6.6841013124583455,26.648948597993577,19.96484728553523,19.446392459061823,-0.3347935106571567,0.0,1.0,0.0,-6.2966444029001165,25.926083458083454,19.629439055183337,18.306102046112905,-0.3207755649664084,0.0,1.0,0.014017945690748268,0.0,0.0
87,0.0,-5.577362177743506,25.70710822151407,20.129746043770563,14.369414373227182,-0.2770706677379817,0.0,1.0,0.0,-5.264629990030699,25.093446486460866,19.828816496430164,13.60732773563626,-0.26550399470278546,0.0,1.0,0.011566673035196262,0.0,0.0,0.0,-5.6987223023330404,25.770594542749404,20.07187224041636,14.764962510497284,-0.2839158317707003,0.0,1.0,0.0307631038178304,-5.3554675741774505,25.116696323026467,19.761228748849017,13.907461088314072,-0.2710088346348087,1.5467425601682856e-05,0.9999845325743983,0.012906997135891607,1.5467425601682856e-05,-1.546742560165626e-05,0.0,-5.803197959696958,25.81983816894533,20.016640209248376,15.073795885446637,-0.2899186826076677,0.0,1.0,0.0307631038178304,-5.450687972123201,25.152186505195843,19.70149853307264,14.189322108883225,-0.27666362347885387,1.5467425601682856e-05,0.9999845325743983,0.013255059128813806,1.5467425601682856e-05,-1.546742560165626e-05,0.0,-5.874507853919159,25.854678110351472,19.980170256432313,15.32997209856019,-0.29401690668916847,0.0,1.0,0.0,-5.524347286762789,25.179927897381766,19.655580610618976,14.425277460428504,-0.281057446035364,0.0,1.0,0.012959460653804489,0.0,0.0
88,0.0,-4.812901469726976,24.96726595559857,20.154364485871596,11.060865205385138,-0.2388019465015067,0.0,1.0,0.0,-4.545339451470078,24.404137037496128,19.85879758602605,10.482699153973357,-0.2288829135691718,0.0,1.0,0.009919032932334926,0.0,0.0,0.0,-4.926644130817148,25.021906588226177,20.095262457409028,11.384284305289528,-0.24516445810344306,0.0,1.0,0.03389393640133557,-4.6337787114914075,24.423831969447026,19.790053257955616,10.726340097277253,-0.23414685403277655,1.7041581458759374e-05,0.9999829584185412,0.011017604070666515,1.7041581458759374e-05,-1.7041581458765442e-05,0.0,-5.014523331523919,25.05103089221345,20.03650756068953,11.637896322040499,-0.2502693304377118,0.0,1.0,0.0,-4.709408615780656,24.4383384128206,19.728929797039946,10.959403727554978,-0.23870573134115147,0.0,1.0,0.01156359909656035,0.0,0.0,0.0,-5.082443120774774,25.083020683317677,20.000577562542908,11.851947507861917,-0.25411481767872424,0.0,1.0,0.0,-4.779336666697788,24.463817272129152,19.68448060543136,11.148111249440257,-0.24279719452587786,0.0,1.0,0.011317623152846373,0.0,0.0
89,0.0,-4.0513223816075925,24.261544049641575,20.210221668033984,8.372058249382661,-0.20045907700336957,0.0,1.0,0.0,-3.834331980242286,23.748099859259206,19.91376787901692,7.940370502468705,-0.19254678489461108,0.0,1.0,0.00791229210875849,0.0,0.0,0.0,-4.1630122613584835,24.316651033254214,20.153638771895732,8.62197092332464,-0.20656380262028948,0.0,1.0,0.03794951607606272,-3.9202489456784777,23.765696574350933,19.845447628672456,8.125967850104434,-0.19753895296443455,1.908069224751474e-05,0.9999809193077525,0.009024849655854927,1.908069224751474e-05,-1.908069224754172e-05,0.0,-4.250205123354413,24.34364235461458,20.093437231260165,8.818863045777006,-0.21152205441198477,0.0,1.0,0.0,-3.9964878436514164,23.779932301761637,19.78344445811022,8.310698111409135,-0.20201173016729432,0.0,1.0,0.009510324244690449,0.0,0.0,0.0,-4.319592633156457,24.373962987386747,20.054370354230286,8.990081762828842,-0.215394079039,0.0,1.0,0.0,-4.0631380960643355,23.798983723857816,19.735845627793477,8.456371911795374,-0.2058760578438212,0.0,1.0,0.009518021195178805,0.0,0.0
90,0.0,-3.3011654581841343,23.552276405861644,20.25111094767751,6.262475276783767,-0.16301157337556965,0.0,1.0,0.0,-3.126424375515481,23.07934521693701,19.95292084142153,5.947516629209049,-0.1566900605862746,0.0,1.0,0.006321512789295047,0.0,0.0,0.0,-3.389897239884804,23.583411999335635,20.19351475945083,6.457906775875033,-0.16787059015064662,0.0,1.0,0.04315806327641635,-3.1888225514297046,23.07212220140911,19.8832996499794,6.095880748361122,-0.16037692976341622,2.169950525128027e-05,0.9999783004947487,0.0074936603872304,2.169950525128027e-05,-2.169950525132691e-05,0.0,-3.4562876492430012,23.58915544988038,20.132867800637378,6.614729283083077,-0.1716738858799629,0.0,1.0,0.0,-3.2572226409680893,23.079084857515493,19.821862216547405,6.236964137565142,-0.16432475442438205,0.0,1.0,0.0073491314555808596,0.0,0.0,0.0,-3.5196383598927135,23.61318300531747,20.093544645424757,6.746725555613357,-0.17516264163446768,0.0,1.0,0.0,-3.307870413787368,23.08150262794936,19.77363221416199,6.350913900069611,-0.16728693939286743,0.0,1.0,0.007875702241600252,0.0,0.0
91,0.0,-2.685048331568885,22.997481922401136,20.31243359083225,4.607084998203358,-0.13218742695512103,0.0,1.0,0.0,-2.5433985341830616,22.556800316624603,20.013401782441537,4.383837714339565,-0.12708476858814052,0.0,1.0,0.0051026583669805115,0.0,0.0,0.0,-2.757375348675811,23.012126570408164,20.254751221732356,4.7609602104832,-0.13613474283097007,0.0,1.0,0.04991582853633759,-2.598359599844983,22.544043759674338,19.94568415982935,4.500461530745283,-0.13027177102694149,2.5097251850922323e-05,0.999974902748149,0.005862971804028588,2.5097251850922323e-05,-2.5097251850958457e-05,0.0,-2.814230015887659,23.008220530570547,20.193990514682888,4.88442460741875,-0.13935977705057626,0.0,1.0,0.0,-2.6471948136438046,22.52975488167837,19.882560068034568,4.614601902646808,-0.13314154739558573,0.0,1.0,0.006218229654990526,0.0,0.0,0.0,-2.862317995736555,23.017565315750595,20.15524732001404,4.987263479227903,-0.14201353872221106,0.0,1.0,0.0,-2.692238204075227,22.527109340765172,19.834871136689944,4.699840586827332,-0.13573257852405232,0.0,1.0,0.0062809601981587415,0.0,0.0
92,0.0,-2.1105585951330563,22.49214447744844,20.38158588231538,3.3988648150639578,-0.10355222637333329,0.0,1.0,0.0,-2.007163477271527,22.092255201559556,20.085091724288034,3.2358615500731593,-0.09993300029814406,0.0,1.0,0.003619226075189233,0.0,0.0,0.0,-2.1785663924795315,22.50281974988976,20.324253357410225,3.5140181262059564,-0.107190476037105,0.0,1.0,0.059156366200599955,-2.058965505903318,22.075676944616948,20.01671143871363,3.323464206923142,-0.10286232642196878,2.9743315189911066e-05,0.9999702566848101,0.004328149615136223,2.9743315189911066e-05,-2.97433151899007e-05,0.0,-2.230276375349778,22.493907267513503,20.263630892163725,3.6080307246545518,-0.11006301818359028,0.0,1.0,0.0,-2.1091628997562335,22.063189377444996,19.954026477688764,3.4083923216731495,-0.1057011176222782,0.0,1.0,0.004361900561312082,0.0,0.0,0.0,-2.2727003502002154,22.49552396643872,20.222823616238504,3.6867157881995687,-0.11238293886790787,0.0,1.0,0.0,-2.1447996665870726,22.04807307697771,19.903273410390636,3.474032054148154,-0.1077611517644814,0.0,1.0,0.004621787103426478,0.0,0.0
93,0.0,-1.6150195202553856,22.092987150621326,20.477967630365942,2.5283606313904294,-0.07886620144181394,0.0,1.0,0.0,-1.5348677326177698,21.71582315217934,20.18095541956157,2.4099017343119766,-0.07605525609208816,0.0,1.0,0.0028109453497257852,0.0,0.0,0.0,-1.6727031372248278,22.08715337287208,20.41445023564725,2.611003369037532,-0.08193721201974821,0.0,1.0,0.07140432928952291,-1.5783432228520646,21.686175420479394,20.10783219762733,2.472763188546282,-0.07849395237335952,3.590148632153371e-05,0.9999640985136785,0.0034432596463886966,3.590148632153371e-05,-3.590148632148793e-05,0.0,-1.7172472456728938,22.070636917935257,20.353389672262363,2.680709422476165,-0.08437156038009538,0.0,1.0,0.0,-1.619503127321432,21.663877564239808,20.044374436918375,2.535123167321449,-0.08079589275375833,0.0,1.0,0.0035756676263370563,0.0,0.0,0.0,-1.755827616721136,22.06777506189944,20.3119474451783,2.7381605625272836,-0.08644309569331514,0.0,1.0,0.0,-1.6484424745988806,21.64062793402292,19.992185459424036,2.5861261912770495,-0.0824543408695635,0.0,1.0,0.0039887548237516335,0.0,0.0
94,0.0,-1.1908955779200139,21.764936778629046,20.574041200709033,1.9851159024149956,-0.057883405904668485,0.0,1.0,0.0,-1.1285877615469002,21.413567161662648,20.284979400115745,1.897795605080703,-0.055636623497900155,0.0,1.0,0.00224678240676833,0.0,0.0,0.0,-1.2353410891483974,21.744782408182783,20.509441319034384,2.0448062577123305,-0.060232800588376004,0.0,1.0,0.08880190150602184,-1.1657105022446634,21.374654119575286,20.208943617330622,1.940099709104507,-0.05768290140831423,4.4648836897798814e-05,0.9999553511631022,0.0025498991800617724,4.4648836897798814e-05,-4.4648836897809296e-05,0.0,-1.2755609430017105,21.723558779115095,20.447997836113384,2.092474447272118,-0.062380725644881056,0.0,1.0,0.0,-1.2010575641695038,21.345094447148327,20.14403688297882,1.982887059811296,-0.059623479203633,0.0,1.0,0.002757246441248057,0.0,0.0,0.0,-1.308104209671339,21.72077226979966,20.412668060128322,2.1318269910120695,-0.06408296092495787,0.0,1.0,0.0,-1.231150806354939,21.327451638474997,20.096300832120058,2.0166079455693513,-0.0612625585494412,0.0,1.0,0.002820402375516666,0.0,0.0
95,0.0,-0.8439804628339553,21.568257052718803,20.724276589884848,1.7039463682162623,-0.040724242372150506,0.0,1.0,0.0,-0.79886808216753,21.230600256379645,20.431732174212115,1.6365174192933363,-0.03909938106842553,0.0,1.0,0.001624861303724974,0.0,0.0,0.0,-0.878397433410686,21.53998870526442,20.661591271853734,1.7458431250636157,-0.04251354224624913,0.0,1.0,0.0,-0.8242883222928072,21.17837019762812,20.35408187533531,1.6649943599949717,-0.04049744554145988,0.0,1.0,0.0020160967047892497,0.0,0.0,0.0,-0.9042089986948553,21.502505172202277,20.598296173507425,1.7813531175588495,-0.0438972714577144,0.0,1.0,0.0,-0.8465854861266986,21.133789550541483,20.287204064414787,1.697900163183509,-0.04173002269995747,0.0,1.0,0.00216724875775693,0.0,0.0,0.0,-0.9234711627266297,21.482735186341724,20.559264023615096,1.8127511439607797,-0.04491752047475523,0.0,1.0,0.0,-0.8647711319260316,21.105450202605006,20.240679070678972,1.7230298901712795,-0.042724412995547925,0.0,1.0,0.0021931074792073055,0.0,0.0
96,0.0,-0.5090739826568871,21.374561240585383,20.865487257928496,1.7310769255027665,-0.02439789573873711,0.0,1.0,0.0,-0.47643103946319826,21.041737040056038,20.565306000592837,1.674856528508167,-0.023166737195617907,0.0,1.0,0.001231158543119202,0.0,0.0,0.0,-0.5369179975644437,21.333739053154257,20.796821055589813,1.7591625807512916,-0.025817311026972066,0.0,1.0,0.0,-0.4956965493245583,20.97817364194379,20.48247709261923,1.6938001400755038,-0.024201005917549902,0.0,1.0,0.0016163051094221642,0.0,0.0,0.0,-0.5596409036660384,21.288952681629663,20.729311777963627,1.7833590760944784,-0.026997563144424638,0.0,1.0,0.0,-0.5140165728074434,20.93088498106717,20.41686840825973,1.7188790312518605,-0.025176073163085864,0.0,1.0,0.0018214899813387732,0.0,0.0,0.0,-0.5789358213729514,21.270152457706452,20.6912166363335,1.805747758218228,-0.02797978637739203,0.0,1.0,0.0,-0.5320263388720574,20.900330611771924,20.36830427289987,1.73404706611729,-0.02612030592943965,0.0,1.0,0.0018594804479523802,0.0,0.0
97,0.0,-0.07192819060303794,21.138118540333352,21.066190349730313,2.2695432824224073,-0.0034143900443754775,0.0,1.0,0.0,-0.05011332632053464,20.812499937424544,20.76238661110401,2.214758323642807,-0.0024136592415504557,0.0,1.0,0.0010007308028250218,0.0,0.0,0.0,-0.09449289951018255,21.091448184328897,20.996955284818714,2.2856456211315357,-0.004500314365983487,0.0,1.0,0.0,-0.06820672967002529,20.746634248230535,20.67842751856051,2.222767556707536,-0.0032984485695928475,0.0,1.0,0.001201865796390639,0.0,0.0,0.0,-0.11033467226671162,21.042920677126826,20.932586004860116,2.302951802449806,-0.005270952773875821,0.0,1.0,0.0,-0.08312656972802512,20.704782386097214,20.621655816369188,2.2421590705538192,-0.004031032738992782,0.0,1.0,0.0012399200348830386,0.0,0.0,0.0,-0.12671744782200622,21.01281358957975,20.88609614175774,2.3177849718508705,-0.006067071939243783,0.0,1.0,0.0,-0.09653957940770291,20.665637753240965,20.56909817383326,2.2497950276991516,-0.004693427907817301,0.0,1.0,0.0013736440314264815,0.0,0.0
98,0.0,0.5389570184190752,20.74715241750153,21.286109435920604,3.657024716918346,0.025319658345342232,0.0,1.0,0.0,0.5472544029709906,20.43369801624166,20.98095241921265,3.589402568564484,0.02608339183257761,0.0,1.0,0.0007637334872353761,0.0,0.0,0.0,0.5200323155871006,20.7076322153255,21.2276645309126,3.660987489405589,0.0244978581996059,0.0,1.0,0.0,0.531724458398604,20.368782381085065,20.90050683948367,3.5853700412217995,0.025440744690177087,0.0,1.0,0.0009428864905711883,0.0,0.0,0.0,0.500181804560102,20.668206798265853,21.168388602825956,3.6656001176852038,0.023628714208946838,0.0,1.0,0.0,0.5106379821281638,20.34217123866142,20.852809220789585,3.591663238137523,0.02448773096811695,0.0,1.0,0.0008590167591701128,0.0,0.0,0.0,0.48427871254571037,20.6404507329591,21.124729445504805,3.67064611751731,0.02292472970103584,0.0,1.0,0.0,0.500478722711053,20.303079099924464,20.80355782263552,3.592410702090329,0.02405736206171918,0.0,1.0,0.0011326323606833423,0.0,0.0
99,0.0,1.1553028480679646,20.45368329536569,21.60898614343365,6.311647913627241,0.05346400059676228,0.0,1.0,0.0,1.1598968307476711,20.146289261357705,21.306186092105378,6.220157419239193,0.054439439594374424,0.0,1.0,0.0009754389976121408,0.0,0.0,0.0,1.1420647130935768,20.397446227208587,21.539510940302165,6.304437282675717,0.05302184976524613,0.0,1.0,0.0,1.1450641732392994,20.06992795403257,21.21499212727187,6.200033858671662,0.053974291688155734,0.0,1.0,0.0009524419229096012,0.0,0.0,0.0,1.1259827738251018,20.35807839654189,21.484061170366996,6.295369945025144,0.052410145591010135,0.0,1.0,0.0,1.1292124924938094,20.042272185201206,21.171484677695016,6.193508317240785,0.05333648110580921,0.0,1.0,0.0009263355147990718,0.0,0.0,0.0,1.1121585774095541,20.330882213498594,21.44304079090815,6.289098593825283,0.051865711969410117,0.0,1.0,0.0,1.120867292787086,20.011323699483764,21.13219099227085,6.186416644562976,0.053040751581179914,0.0,1.0,0.0011750396117697973,0.0,0.0
100,0.0,,31.154480628153706,,0.0,,0.0,1.0,0.0,,30.738541421232068,,0.0,,0.0,1.0,,0.0,0.0,0.0,,31.078471051761895,,0.0,,0.0,1.0,0.0,,30.608553415431068,,0.0,,0.0,1.0,,0.0,0.0,0.0,,31.010939710199324,,0.0,,0.0,1.0,0.0,,30.555386458787016,,0.0,,0.0,1.0,,0.0,0.0,0.0,,30.959100103951293,,0.0,,0.0,1.0,0.0,,30.510661472907582,,0.0,,0.0,1.0,,0.0,0.0
