combination_id,ft_work_value,pt_work_value,unemployed_value,partner_retired_value,children_value,log_likelihood,disutil_ft_work_good_women,disutil_ft_work_bad_women,disutil_pt_work_good_women,disutil_pt_work_bad_women,disutil_unemployed_good_women,disutil_unemployed_bad_women,disutil_partner_retired_women,disutil_children_ft_work_low,disutil_children_ft_work_high
0,0.1,0.1,0.1,0.1,0.1,42140.671726965455,0.1,0.1,0.1,0.1,0.1,0.1,0.1,0.1,0.1
1,0.1,0.1,0.1,0.1,0.5,74479.64369664127,0.1,0.1,0.1,0.1,0.1,0.1,0.1,0.5,0.5
2,0.1,0.1,0.1,0.1,0.9,119845.69711981637,0.1,0.1,0.1,0.1,0.1,0.1,0.1,0.9,0.9
3,0.1,0.1,0.1,0.5,0.1,45859.348498488675,0.1,0.1,0.1,0.1,0.1,0.1,0.5,0.1,0.1
4,0.1,0.1,0.1,0.5,0.5,78327.17246128945,0.1,0.1,0.1,0.1,0.1,0.1,0.5,0.5,0.5
5,0.1,0.1,0.1,0.5,0.9,123713.55986244828,0.1,0.1,0.1,0.1,0.1,0.1,0.5,0.9,0.9
6,0.1,0.1,0.1,0.9,0.1,50078.79578157083,0.1,0.1,0.1,0.1,0.1,0.1,0.9,0.1,0.1
7,0.1,0.1,0.1,0.9,0.5,82665.81357551905,0.1,0.1,0.1,0.1,0.1,0.1,0.9,0.5,0.5
8,0.1,0.1,0.1,0.9,0.9,128071.32763401163,0.1,0.1,0.1,0.1,0.1,0.1,0.9,0.9,0.9
9,0.1,0.1,0.5,0.1,0.1,55060.50588007388,0.1,0.1,0.1,0.1,0.5,0.5,0.1,0.1,0.1
10,0.1,0.1,0.5,0.1,0.5,87505.48084197786,0.1,0.1,0.1,0.1,0.5,0.5,0.1,0.5,0.5
11,0.1,0.1,0.5,0.1,0.9,132964.07130341892,0.1,0.1,0.1,0.1,0.5,0.5,0.1,0.9,0.9
12,0.1,0.1,0.5,0.5,0.1,57137.79554372076,0.1,0.1,0.1,0.1,0.5,0.5,0.5,0.1,0.1
13,0.1,0.1,0.5,0.5,0.5,89694.16131733598,0.1,0.1,0.1,0.1,0.5,0.5,0.5,0.5,0.5
14,0.1,0.1,0.5,0.5,0.9,135169.03052064875,0.1,0.1,0.1,0.1,0.5,0.5,0.5,0.9,0.9
15,0.1,0.1,0.5,0.9,0.1,60706.94836091444,0.1,0.1,0.1,0.1,0.5,0.5,0.9,0.1,0.1
16,0.1,0.1,0.5,0.9,0.5,93368.17866954625,0.1,0.1,0.1,0.1,0.5,0.5,0.9,0.5,0.5
17,0.1,0.1,0.5,0.9,0.9,138860.133090956,0.1,0.1,0.1,0.1,0.5,0.5,0.9,0.9,0.9
18,0.1,0.1,0.9,0.1,0.1,69613.51364170041,0.1,0.1,0.1,0.1,0.9,0.9,0.1,0.1,0.1
19,0.1,0.1,0.9,0.1,0.5,102206.27729865388,0.1,0.1,0.1,0.1,0.9,0.9,0.1,0.5,0.5
20,0.1,0.1,0.9,0.1,0.9,147692.9971805447,0.1,0.1,0.1,0.1,0.9,0.9,0.1,0.9,0.9
21,0.1,0.1,0.9,0.5,0.1,71238.5241412801,0.1,0.1,0.1,0.1,0.9,0.9,0.5,0.1,0.1
22,0.1,0.1,0.9,0.5,0.5,103925.65504971241,0.1,0.1,0.1,0.1,0.9,0.9,0.5,0.5,0.5
23,0.1,0.1,0.9,0.5,0.9,149422.8291113832,0.1,0.1,0.1,0.1,0.9,0.9,0.5,0.9,0.9
24,0.1,0.1,0.9,0.9,0.1,73569.4616387644,0.1,0.1,0.1,0.1,0.9,0.9,0.9,0.1,0.1
25,0.1,0.1,0.9,0.9,0.5,106369.32144625648,0.1,0.1,0.1,0.1,0.9,0.9,0.9,0.5,0.5
26,0.1,0.1,0.9,0.9,0.9,151882.63361590487,0.1,0.1,0.1,0.1,0.9,0.9,0.9,0.9,0.9
27,0.1,0.5,0.1,0.1,0.1,78561.696879947,0.1,0.1,0.5,0.5,0.1,0.1,0.1,0.1,0.1
28,0.1,0.5,0.1,0.1,0.5,93152.03480777817,0.1,0.1,0.5,0.5,0.1,0.1,0.1,0.5,0.5
29,0.1,0.5,0.1,0.1,0.9,130702.27633080636,0.1,0.1,0.5,0.5,0.1,0.1,0.1,0.9,0.9
30,0.1,0.5,0.1,0.5,0.1,82196.18894485578,0.1,0.1,0.5,0.5,0.1,0.1,0.5,0.1,0.1
31,0.1,0.5,0.1,0.5,0.5,97502.08297944967,0.1,0.1,0.5,0.5,0.1,0.1,0.5,0.5,0.5
32,0.1,0.5,0.1,0.5,0.9,135196.29246971535,0.1,0.1,0.5,0.5,0.1,0.1,0.5,0.9,0.9
33,0.1,0.5,0.1,0.9,0.1,86142.7838656911,0.1,0.1,0.5,0.5,0.1,0.1,0.9,0.1,0.1
34,0.1,0.5,0.1,0.9,0.5,101720.24132332308,0.1,0.1,0.5,0.5,0.1,0.1,0.9,0.5,0.5
35,0.1,0.5,0.1,0.9,0.9,139392.70271315787,0.1,0.1,0.5,0.5,0.1,0.1,0.9,0.9,0.9
36,0.1,0.5,0.5,0.1,0.1,85267.59381796137,0.1,0.1,0.5,0.5,0.5,0.5,0.1,0.1,0.1
37,0.1,0.5,0.5,0.1,0.5,62337.75877248883,0.1,0.1,0.5,0.5,0.5,0.5,0.1,0.5,0.5
38,0.1,0.5,0.5,0.1,0.9,94423.57954277672,0.1,0.1,0.5,0.5,0.5,0.5,0.1,0.9,0.9
39,0.1,0.5,0.5,0.5,0.1,87766.31292995566,0.1,0.1,0.5,0.5,0.5,0.5,0.5,0.1,0.1
40,0.1,0.5,0.5,0.5,0.5,64383.83186407159,0.1,0.1,0.5,0.5,0.5,0.5,0.5,0.5,0.5
41,0.1,0.5,0.5,0.5,0.9,96399.1192320149,0.1,0.1,0.5,0.5,0.5,0.5,0.5,0.9,0.9
42,0.1,0.5,0.5,0.9,0.1,90570.54437349233,0.1,0.1,0.5,0.5,0.5,0.5,0.9,0.1,0.1
43,0.1,0.5,0.5,0.9,0.5,67689.48186475312,0.1,0.1,0.5,0.5,0.5,0.5,0.9,0.5,0.5
44,0.1,0.5,0.5,0.9,0.9,99748.7187055308,0.1,0.1,0.5,0.5,0.5,0.5,0.9,0.9,0.9
45,0.1,0.5,0.9,0.1,0.1,100108.84434424769,0.1,0.1,0.5,0.5,0.9,0.9,0.1,0.1,0.1
46,0.1,0.5,0.9,0.1,0.5,76898.06591938404,0.1,0.1,0.5,0.5,0.9,0.9,0.1,0.5,0.5
47,0.1,0.5,0.9,0.1,0.9,108927.9179934652,0.1,0.1,0.5,0.5,0.9,0.9,0.1,0.9,0.9
48,0.1,0.5,0.9,0.5,0.1,101833.32665384843,0.1,0.1,0.5,0.5,0.9,0.9,0.5,0.1,0.1
49,0.1,0.5,0.9,0.5,0.5,78361.16463696527,0.1,0.1,0.5,0.5,0.9,0.9,0.5,0.5,0.5
50,0.1,0.5,0.9,0.5,0.9,110445.1997687119,0.1,0.1,0.5,0.5,0.9,0.9,0.5,0.9,0.9
51,0.1,0.5,0.9,0.9,0.1,103382.5575324004,0.1,0.1,0.5,0.5,0.9,0.9,0.9,0.1,0.1
52,0.1,0.5,0.9,0.9,0.5,80387.54457470373,0.1,0.1,0.5,0.5,0.9,0.9,0.9,0.5,0.5
53,0.1,0.5,0.9,0.9,0.9,112508.28983701397,0.1,0.1,0.5,0.5,0.9,0.9,0.9,0.9,0.9
54,0.1,0.9,0.1,0.1,0.1,138685.78519703634,0.1,0.1,0.9,0.9,0.1,0.1,0.1,0.1,0.1
55,0.1,0.9,0.1,0.1,0.5,152224.02272169938,0.1,0.1,0.9,0.9,0.1,0.1,0.1,0.5,0.5
56,0.1,0.9,0.1,0.1,0.9,188095.61154249334,0.1,0.1,0.9,0.9,0.1,0.1,0.1,0.9,0.9
57,0.1,0.9,0.1,0.5,0.1,142670.16710021015,0.1,0.1,0.9,0.9,0.1,0.1,0.5,0.1,0.1
58,0.1,0.9,0.1,0.5,0.5,156968.1794600471,0.1,0.1,0.9,0.9,0.1,0.1,0.5,0.5,0.5
59,0.1,0.9,0.1,0.5,0.9,192886.8628541635,0.1,0.1,0.9,0.9,0.1,0.1,0.5,0.9,0.9
60,0.1,0.9,0.1,0.9,0.1,146286.67443087144,0.1,0.1,0.9,0.9,0.1,0.1,0.9,0.1,0.1
61,0.1,0.9,0.1,0.9,0.5,160808.63611828582,0.1,0.1,0.9,0.9,0.1,0.1,0.9,0.5,0.5
62,0.1,0.9,0.1,0.9,0.9,196720.72584541468,0.1,0.1,0.9,0.9,0.1,0.1,0.9,0.9,0.9
63,0.1,0.9,0.5,0.1,0.1,145142.0371327783,0.1,0.1,0.9,0.9,0.5,0.5,0.1,0.1,0.1
64,0.1,0.9,0.5,0.1,0.5,96988.12803842558,0.1,0.1,0.9,0.9,0.5,0.5,0.1,0.5,0.5
65,0.1,0.9,0.5,0.1,0.9,115831.57728414817,0.1,0.1,0.9,0.9,0.5,0.5,0.1,0.9,0.9
66,0.1,0.9,0.5,0.5,0.1,147284.1765797014,0.1,0.1,0.9,0.9,0.5,0.5,0.5,0.1,0.1
67,0.1,0.9,0.5,0.5,0.5,99006.01626913958,0.1,0.1,0.9,0.9,0.5,0.5,0.5,0.5,0.5
68,0.1,0.9,0.5,0.5,0.9,117811.84726175225,0.1,0.1,0.9,0.9,0.5,0.5,0.5,0.9,0.9
69,0.1,0.9,0.5,0.9,0.1,150079.9221413988,0.1,0.1,0.9,0.9,0.5,0.5,0.9,0.1,0.1
70,0.1,0.9,0.5,0.9,0.5,101904.24946106586,0.1,0.1,0.9,0.9,0.5,0.5,0.9,0.5,0.5
71,0.1,0.9,0.5,0.9,0.9,120568.53332009785,0.1,0.1,0.9,0.9,0.5,0.5,0.9,0.9,0.9
72,0.1,0.9,0.9,0.1,0.1,159630.76960544358,0.1,0.1,0.9,0.9,0.9,0.9,0.1,0.1,0.1
73,0.1,0.9,0.9,0.1,0.5,88510.39139090673,0.1,0.1,0.9,0.9,0.9,0.9,0.1,0.5,0.5
74,0.1,0.9,0.9,0.1,0.9,91906.04272277876,0.1,0.1,0.9,0.9,0.9,0.9,0.1,0.9,0.9
75,0.1,0.9,0.9,0.5,0.1,161341.4767927393,0.1,0.1,0.9,0.9,0.9,0.9,0.5,0.1,0.1
76,0.1,0.9,0.9,0.5,0.5,90191.10899060256,0.1,0.1,0.9,0.9,0.9,0.9,0.5,0.5,0.5
77,0.1,0.9,0.9,0.5,0.9,93668.65773982072,0.1,0.1,0.9,0.9,0.9,0.9,0.5,0.9,0.9
78,0.1,0.9,0.9,0.9,0.1,162885.01553143037,0.1,0.1,0.9,0.9,0.9,0.9,0.9,0.1,0.1
79,0.1,0.9,0.9,0.9,0.5,91766.69995010165,0.1,0.1,0.9,0.9,0.9,0.9,0.9,0.5,0.5
80,0.1,0.9,0.9,0.9,0.9,95282.47571589745,0.1,0.1,0.9,0.9,0.9,0.9,0.9,0.9,0.9
81,0.5,0.1,0.1,0.1,0.1,65555.1122623294,0.5,0.5,0.1,0.1,0.1,0.1,0.1,0.1,0.1
82,0.5,0.1,0.1,0.1,0.5,112152.53686051458,0.5,0.5,0.1,0.1,0.1,0.1,0.1,0.5,0.5
83,0.5,0.1,0.1,0.1,0.9,159712.28360753882,0.5,0.5,0.1,0.1,0.1,0.1,0.1,0.9,0.9
84,0.5,0.1,0.1,0.5,0.1,69263.27865995964,0.5,0.5,0.1,0.1,0.1,0.1,0.5,0.1,0.1
85,0.5,0.1,0.1,0.5,0.5,115865.01254954645,0.5,0.5,0.1,0.1,0.1,0.1,0.5,0.5,0.5
86,0.5,0.1,0.1,0.5,0.9,163424.10688136306,0.5,0.5,0.1,0.1,0.1,0.1,0.5,0.9,0.9
87,0.5,0.1,0.1,0.9,0.1,73860.96309228128,0.5,0.5,0.1,0.1,0.1,0.1,0.9,0.1,0.1
88,0.5,0.1,0.1,0.9,0.5,120470.2376055707,0.5,0.5,0.1,0.1,0.1,0.1,0.9,0.5,0.5
89,0.5,0.1,0.1,0.9,0.9,168030.6796591676,0.5,0.5,0.1,0.1,0.1,0.1,0.9,0.9,0.9
90,0.5,0.1,0.5,0.1,0.1,78905.96724183654,0.5,0.5,0.1,0.1,0.5,0.5,0.1,0.1,0.1
91,0.5,0.1,0.5,0.1,0.5,125552.67214602776,0.5,0.5,0.1,0.1,0.5,0.5,0.1,0.5,0.5
92,0.5,0.1,0.5,0.1,0.9,173119.59932919563,0.5,0.5,0.1,0.1,0.5,0.5,0.1,0.9,0.9
93,0.5,0.1,0.5,0.5,0.1,80959.01340666693,0.5,0.5,0.1,0.1,0.5,0.5,0.5,0.1,0.1
94,0.5,0.1,0.5,0.5,0.5,127608.85502436914,0.5,0.5,0.1,0.1,0.5,0.5,0.5,0.5,0.5
95,0.5,0.1,0.5,0.5,0.9,175174.7847533052,0.5,0.5,0.1,0.1,0.5,0.5,0.5,0.9,0.9
96,0.5,0.1,0.5,0.9,0.1,84881.72666003741,0.5,0.5,0.1,0.1,0.5,0.5,0.9,0.1,0.1
97,0.5,0.1,0.5,0.9,0.5,131537.417691643,0.5,0.5,0.1,0.1,0.5,0.5,0.9,0.5,0.5
98,0.5,0.1,0.5,0.9,0.9,179104.32881066535,0.5,0.5,0.1,0.1,0.5,0.5,0.9,0.9,0.9
99,0.5,0.1,0.9,0.1,0.1,93671.14358406296,0.5,0.5,0.1,0.1,0.9,0.9,0.1,0.1,0.1
100,0.5,0.1,0.9,0.1,0.5,140333.03093048115,0.5,0.5,0.1,0.1,0.9,0.9,0.1,0.5,0.5
101,0.5,0.1,0.9,0.1,0.9,187901.98043203232,0.5,0.5,0.1,0.1,0.9,0.9,0.1,0.9,0.9
102,0.5,0.1,0.9,0.5,0.1,95258.20076081736,0.5,0.5,0.1,0.1,0.9,0.9,0.5,0.1,0.1
103,0.5,0.1,0.9,0.5,0.5,141923.52571680583,0.5,0.5,0.1,0.1,0.9,0.9,0.5,0.5,0.5
104,0.5,0.1,0.9,0.5,0.9,189492.0155608901,0.5,0.5,0.1,0.1,0.9,0.9,0.5,0.9,0.9
105,0.5,0.1,0.9,0.9,0.1,97926.55099903067,0.5,0.5,0.1,0.1,0.9,0.9,0.9,0.1,0.1
106,0.5,0.1,0.9,0.9,0.5,144598.553181873,0.5,0.5,0.1,0.1,0.9,0.9,0.9,0.5,0.5
107,0.5,0.1,0.9,0.9,0.9,192167.97615553607,0.5,0.5,0.1,0.1,0.9,0.9,0.9,0.9,0.9
108,0.5,0.5,0.1,0.1,0.1,75433.48085649559,0.5,0.5,0.5,0.5,0.1,0.1,0.1,0.1,0.1
109,0.5,0.5,0.1,0.1,0.5,116996.67022113857,0.5,0.5,0.5,0.5,0.1,0.1,0.1,0.5,0.5
110,0.5,0.5,0.1,0.1,0.9,163569.35126204963,0.5,0.5,0.5,0.5,0.1,0.1,0.1,0.9,0.9
111,0.5,0.5,0.1,0.5,0.1,79824.55990468041,0.5,0.5,0.5,0.5,0.1,0.1,0.5,0.1,0.1
112,0.5,0.5,0.1,0.5,0.5,121365.86895657523,0.5,0.5,0.5,0.5,0.1,0.1,0.5,0.5,0.5
113,0.5,0.5,0.1,0.5,0.9,167933.6264191494,0.5,0.5,0.5,0.5,0.1,0.1,0.5,0.9,0.9
114,0.5,0.5,0.1,0.9,0.1,83257.91655091115,0.5,0.5,0.5,0.5,0.1,0.1,0.9,0.1,0.1
115,0.5,0.5,0.1,0.9,0.5,124823.50229699031,0.5,0.5,0.5,0.5,0.1,0.1,0.9,0.5,0.5
116,0.5,0.5,0.1,0.9,0.9,171390.2060480483,0.5,0.5,0.5,0.5,0.1,0.1,0.9,0.9,0.9
117,0.5,0.5,0.5,0.1,0.1,39555.640990549364,0.5,0.5,0.5,0.5,0.5,0.5,0.1,0.1,0.1
118,0.5,0.5,0.5,0.1,0.5,71977.74501378188,0.5,0.5,0.5,0.5,0.5,0.5,0.1,0.5,0.5
119,0.5,0.5,0.5,0.1,0.9,117402.19962963206,0.5,0.5,0.5,0.5,0.5,0.5,0.1,0.9,0.9
120,0.5,0.5,0.5,0.5,0.1,39516.08718752544,0.5,0.5,0.5,0.5,0.5,0.5,0.5,0.1,0.1
121,0.5,0.5,0.5,0.5,0.5,72131.22422552905,0.5,0.5,0.5,0.5,0.5,0.5,0.5,0.5,0.5
122,0.5,0.5,0.5,0.5,0.9,117585.05034297984,0.5,0.5,0.5,0.5,0.5,0.5,0.5,0.9,0.9
123,0.5,0.5,0.5,0.9,0.1,42536.107859018004,0.5,0.5,0.5,0.5,0.5,0.5,0.9,0.1,0.1
124,0.5,0.5,0.5,0.9,0.5,75298.77019104417,0.5,0.5,0.5,0.5,0.5,0.5,0.9,0.5,0.5
125,0.5,0.5,0.5,0.9,0.9,120777.7287671137,0.5,0.5,0.5,0.5,0.5,0.5,0.9,0.9,0.9
126,0.5,0.5,0.9,0.1,0.1,54049.334017122,0.5,0.5,0.5,0.5,0.9,0.9,0.1,0.1,0.1
127,0.5,0.5,0.9,0.1,0.5,86446.0123470603,0.5,0.5,0.5,0.5,0.9,0.9,0.1,0.5,0.5
128,0.5,0.5,0.9,0.1,0.9,131891.39097006782,0.5,0.5,0.5,0.5,0.9,0.9,0.1,0.9,0.9
129,0.5,0.5,0.9,0.5,0.1,53634.52396765737,0.5,0.5,0.5,0.5,0.9,0.9,0.5,0.1,0.1
130,0.5,0.5,0.9,0.5,0.5,86210.19899707794,0.5,0.5,0.5,0.5,0.9,0.9,0.5,0.5,0.5
131,0.5,0.5,0.9,0.5,0.9,131687.08162721712,0.5,0.5,0.5,0.5,0.9,0.9,0.5,0.9,0.9
132,0.5,0.5,0.9,0.9,0.1,55354.652405247456,0.5,0.5,0.5,0.5,0.9,0.9,0.9,0.1,0.1
133,0.5,0.5,0.9,0.9,0.5,88074.27067557652,0.5,0.5,0.5,0.5,0.9,0.9,0.9,0.5,0.5
134,0.5,0.5,0.9,0.9,0.9,133575.75317254278,0.5,0.5,0.5,0.5,0.9,0.9,0.9,0.9,0.9
135,0.5,0.9,0.1,0.1,0.1,134066.40372204958,0.5,0.5,0.9,0.9,0.1,0.1,0.1,0.1,0.1
136,0.5,0.9,0.1,0.1,0.5,175566.13265782013,0.5,0.5,0.9,0.9,0.1,0.1,0.1,0.5,0.5
137,0.5,0.9,0.1,0.1,0.9,223053.57254967536,0.5,0.5,0.9,0.9,0.1,0.1,0.1,0.9,0.9
138,0.5,0.9,0.1,0.5,0.1,138437.69764112635,0.5,0.5,0.9,0.9,0.1,0.1,0.5,0.1,0.1
139,0.5,0.9,0.1,0.5,0.5,179911.47112985066,0.5,0.5,0.9,0.9,0.1,0.1,0.5,0.5,0.5
140,0.5,0.9,0.1,0.5,0.9,227389.39468054177,0.5,0.5,0.9,0.9,0.1,0.1,0.5,0.9,0.9
141,0.5,0.9,0.1,0.9,0.1,141773.76027554355,0.5,0.5,0.9,0.9,0.1,0.1,0.9,0.1,0.1
142,0.5,0.9,0.1,0.9,0.5,183248.3207168259,0.5,0.5,0.9,0.9,0.1,0.1,0.9,0.5,0.5
143,0.5,0.9,0.1,0.9,0.9,230726.99052517433,0.5,0.5,0.9,0.9,0.1,0.1,0.9,0.9,0.9
144,0.5,0.9,0.5,0.1,0.1,77151.44821669157,0.5,0.5,0.9,0.9,0.5,0.5,0.1,0.1,0.1
145,0.5,0.9,0.5,0.1,0.5,92308.75337296657,0.5,0.5,0.9,0.9,0.5,0.5,0.1,0.5,0.5
146,0.5,0.9,0.5,0.1,0.9,130338.27663197945,0.5,0.5,0.9,0.9,0.5,0.5,0.1,0.9,0.9
147,0.5,0.9,0.5,0.5,0.1,76831.23574022786,0.5,0.5,0.9,0.9,0.5,0.5,0.5,0.1,0.1
148,0.5,0.9,0.5,0.5,0.5,92926.9079580945,0.5,0.5,0.9,0.9,0.5,0.5,0.5,0.5,0.5
149,0.5,0.9,0.5,0.5,0.9,131135.05798076262,0.5,0.5,0.9,0.9,0.5,0.5,0.5,0.9,0.9
150,0.5,0.9,0.5,0.9,0.1,79216.4711489582,0.5,0.5,0.9,0.9,0.5,0.5,0.9,0.1,0.1
151,0.5,0.9,0.5,0.9,0.5,95279.47243952626,0.5,0.5,0.9,0.9,0.5,0.5,0.9,0.5,0.5
152,0.5,0.9,0.5,0.9,0.9,133311.53770065116,0.5,0.5,0.9,0.9,0.5,0.5,0.9,0.9,0.9
153,0.5,0.9,0.9,0.1,0.1,85594.79030134022,0.5,0.5,0.9,0.9,0.9,0.9,0.1,0.1,0.1
154,0.5,0.9,0.9,0.1,0.5,62524.78878914015,0.5,0.5,0.9,0.9,0.9,0.9,0.1,0.5,0.5
155,0.5,0.9,0.9,0.1,0.9,94485.33368182005,0.5,0.5,0.9,0.9,0.9,0.9,0.1,0.9,0.9
156,0.5,0.9,0.9,0.5,0.1,84746.15782663558,0.5,0.5,0.9,0.9,0.9,0.9,0.5,0.1,0.1
157,0.5,0.9,0.9,0.5,0.5,61904.22371754963,0.5,0.5,0.9,0.9,0.9,0.9,0.5,0.5,0.5
158,0.5,0.9,0.9,0.5,0.9,93993.25570504919,0.5,0.5,0.9,0.9,0.9,0.9,0.5,0.9,0.9
159,0.5,0.9,0.9,0.9,0.1,85829.20827694233,0.5,0.5,0.9,0.9,0.9,0.9,0.9,0.1,0.1
160,0.5,0.9,0.9,0.9,0.5,63192.431194986726,0.5,0.5,0.9,0.9,0.9,0.9,0.9,0.5,0.5
161,0.5,0.9,0.9,0.9,0.9,95357.76309634437,0.5,0.5,0.9,0.9,0.9,0.9,0.9,0.9,0.9
162,0.9,0.1,0.1,0.1,0.1,113002.83070591457,0.9,0.9,0.1,0.1,0.1,0.1,0.1,0.1,0.1
163,0.9,0.1,0.1,0.1,0.5,160690.93178627186,0.9,0.9,0.1,0.1,0.1,0.1,0.1,0.5,0.5
164,0.9,0.1,0.1,0.1,0.9,208407.387909333,0.9,0.9,0.1,0.1,0.1,0.1,0.1,0.9,0.9
165,0.9,0.1,0.1,0.5,0.1,116731.99505851438,0.9,0.9,0.1,0.1,0.1,0.1,0.5,0.1,0.1
166,0.9,0.1,0.1,0.5,0.5,164419.64156519424,0.9,0.9,0.1,0.1,0.1,0.1,0.5,0.5,0.5
167,0.9,0.1,0.1,0.5,0.9,212135.36936821672,0.9,0.9,0.1,0.1,0.1,0.1,0.5,0.9,0.9
168,0.9,0.1,0.1,0.9,0.1,121265.5101180396,0.9,0.9,0.1,0.1,0.1,0.1,0.9,0.1,0.1
169,0.9,0.1,0.1,0.9,0.5,168954.04705564294,0.9,0.9,0.1,0.1,0.1,0.1,0.9,0.5,0.5
170,0.9,0.1,0.1,0.9,0.9,216670.6620600539,0.9,0.9,0.1,0.1,0.1,0.1,0.9,0.9,0.9
171,0.9,0.1,0.5,0.1,0.1,126470.93632014963,0.9,0.9,0.1,0.1,0.5,0.5,0.1,0.1,0.1
172,0.9,0.1,0.5,0.1,0.5,174160.0991071461,0.9,0.9,0.1,0.1,0.5,0.5,0.1,0.5,0.5
173,0.9,0.1,0.5,0.1,0.9,221876.53798915018,0.9,0.9,0.1,0.1,0.5,0.5,0.1,0.9,0.9
174,0.9,0.1,0.5,0.5,0.1,128544.73274429126,0.9,0.9,0.1,0.1,0.5,0.5,0.5,0.1,0.1
175,0.9,0.1,0.5,0.5,0.5,176233.34852267342,0.9,0.9,0.1,0.1,0.5,0.5,0.5,0.5,0.5
176,0.9,0.1,0.5,0.5,0.9,223948.98827357386,0.9,0.9,0.1,0.1,0.5,0.5,0.5,0.9,0.9
177,0.9,0.1,0.5,0.9,0.1,132398.3246274843,0.9,0.9,0.1,0.1,0.5,0.5,0.9,0.1,0.1
178,0.9,0.1,0.5,0.9,0.5,180087.50736576284,0.9,0.9,0.1,0.1,0.5,0.5,0.9,0.5,0.5
179,0.9,0.1,0.5,0.9,0.9,227803.79657732148,0.9,0.9,0.1,0.1,0.5,0.5,0.9,0.9,0.9
180,0.9,0.1,0.9,0.1,0.1,141265.2459390398,0.9,0.9,0.1,0.1,0.9,0.9,0.1,0.1,0.1
181,0.9,0.1,0.9,0.1,0.5,188954.8153345756,0.9,0.9,0.1,0.1,0.9,0.9,0.1,0.5,0.5
182,0.9,0.1,0.9,0.1,0.9,236671.44681665022,0.9,0.9,0.1,0.1,0.9,0.9,0.1,0.9,0.9
183,0.9,0.1,0.9,0.5,0.1,142873.0193645132,0.9,0.9,0.1,0.1,0.9,0.9,0.5,0.1,0.1
184,0.9,0.1,0.9,0.5,0.5,190561.80349566732,0.9,0.9,0.1,0.1,0.9,0.9,0.5,0.5,0.5
185,0.9,0.1,0.9,0.5,0.9,238277.60614337644,0.9,0.9,0.1,0.1,0.9,0.9,0.5,0.9,0.9
186,0.9,0.1,0.9,0.9,0.1,145471.7843745261,0.9,0.9,0.1,0.1,0.9,0.9,0.9,0.1,0.1
187,0.9,0.1,0.9,0.9,0.5,193161.1527943696,0.9,0.9,0.1,0.1,0.9,0.9,0.9,0.5,0.5
188,0.9,0.1,0.9,0.9,0.9,240878.14125134592,0.9,0.9,0.1,0.1,0.9,0.9,0.9,0.9,0.9
189,0.9,0.5,0.1,0.1,0.1,114980.77351283557,0.9,0.9,0.5,0.5,0.1,0.1,0.1,0.1,0.1
190,0.9,0.5,0.1,0.1,0.5,162590.18626995746,0.9,0.9,0.5,0.5,0.1,0.1,0.1,0.5,0.5
191,0.9,0.5,0.1,0.1,0.9,210278.5654378329,0.9,0.9,0.5,0.5,0.1,0.1,0.1,0.9,0.9
192,0.9,0.5,0.1,0.5,0.1,119547.15572340916,0.9,0.9,0.5,0.5,0.1,0.1,0.5,0.1,0.1
193,0.9,0.5,0.1,0.5,0.5,167153.73506343315,0.9,0.9,0.5,0.5,0.1,0.1,0.5,0.5,0.5
194,0.9,0.5,0.1,0.5,0.9,214840.66870097342,0.9,0.9,0.5,0.5,0.1,0.1,0.5,0.9,0.9
195,0.9,0.5,0.1,0.9,0.1,122724.89751795735,0.9,0.9,0.5,0.5,0.1,0.1,0.9,0.1,0.1
196,0.9,0.5,0.1,0.9,0.5,170333.85995427772,0.9,0.9,0.5,0.5,0.1,0.1,0.9,0.5,0.5
197,0.9,0.5,0.1,0.9,0.9,218023.17757031712,0.9,0.9,0.5,0.5,0.1,0.1,0.9,0.9,0.9
198,0.9,0.5,0.5,0.1,0.1,64356.74821727384,0.9,0.9,0.5,0.5,0.5,0.5,0.1,0.1,0.1
199,0.9,0.5,0.5,0.1,0.5,111045.62204414039,0.9,0.9,0.5,0.5,0.5,0.5,0.1,0.5,0.5
200,0.9,0.5,0.5,0.1,0.9,158612.5624611365,0.9,0.9,0.5,0.5,0.5,0.5,0.1,0.9,0.9
201,0.9,0.5,0.5,0.5,0.1,64097.044089523464,0.9,0.9,0.5,0.5,0.5,0.5,0.5,0.1,0.1
202,0.9,0.5,0.5,0.5,0.5,110793.93592734667,0.9,0.9,0.5,0.5,0.5,0.5,0.5,0.5,0.5
203,0.9,0.5,0.5,0.5,0.9,158360.9412019995,0.9,0.9,0.5,0.5,0.5,0.5,0.5,0.9,0.9
204,0.9,0.5,0.5,0.9,0.1,67248.83083293529,0.9,0.9,0.5,0.5,0.5,0.5,0.9,0.1,0.1
205,0.9,0.5,0.5,0.9,0.5,113950.03607197912,0.9,0.9,0.5,0.5,0.5,0.5,0.9,0.5,0.5
206,0.9,0.5,0.5,0.9,0.9,161517.1840271011,0.9,0.9,0.5,0.5,0.5,0.5,0.9,0.9,0.9
207,0.9,0.5,0.9,0.1,0.1,78715.71578939413,0.9,0.9,0.5,0.5,0.9,0.9,0.1,0.1,0.1
208,0.9,0.5,0.9,0.1,0.5,125419.5646289869,0.9,0.9,0.5,0.5,0.9,0.9,0.1,0.5,0.5
209,0.9,0.5,0.9,0.1,0.9,172988.20385646546,0.9,0.9,0.5,0.5,0.9,0.9,0.1,0.9,0.9
210,0.9,0.5,0.9,0.5,0.1,78096.83826634416,0.9,0.9,0.5,0.5,0.9,0.9,0.5,0.1,0.1
211,0.9,0.5,0.9,0.5,0.5,124808.73808247934,0.9,0.9,0.5,0.5,0.9,0.9,0.5,0.5,0.5
212,0.9,0.5,0.9,0.5,0.9,172377.04385892864,0.9,0.9,0.5,0.5,0.9,0.9,0.5,0.9,0.9
213,0.9,0.5,0.9,0.9,0.1,79932.1143232137,0.9,0.9,0.5,0.5,0.9,0.9,0.9,0.1,0.1
214,0.9,0.5,0.9,0.9,0.5,126648.75719920977,0.9,0.9,0.5,0.5,0.9,0.9,0.9,0.5,0.5
215,0.9,0.5,0.9,0.9,0.9,174218.98094762774,0.9,0.9,0.5,0.5,0.9,0.9,0.9,0.9,0.9
216,0.9,0.9,0.1,0.1,0.1,178395.63227096357,0.9,0.9,0.9,0.9,0.1,0.1,0.1,0.1,0.1
217,0.9,0.9,0.1,0.1,0.5,227258.20701352754,0.9,0.9,0.9,0.9,0.1,0.1,0.1,0.5,0.5
218,0.9,0.9,0.1,0.1,0.9,275377.4522793743,0.9,0.9,0.9,0.9,0.1,0.1,0.1,0.9,0.9
219,0.9,0.9,0.1,0.5,0.1,182895.26293258253,0.9,0.9,0.9,0.9,0.1,0.1,0.5,0.1,0.1
220,0.9,0.9,0.1,0.5,0.5,231753.64788533922,0.9,0.9,0.9,0.9,0.1,0.1,0.5,0.5,0.5
221,0.9,0.9,0.1,0.5,0.9,279870.4701327988,0.9,0.9,0.9,0.9,0.1,0.1,0.5,0.9,0.9
222,0.9,0.9,0.1,0.9,0.1,185829.8912720166,0.9,0.9,0.9,0.9,0.1,0.1,0.9,0.1,0.1
223,0.9,0.9,0.1,0.9,0.5,234689.84413362082,0.9,0.9,0.9,0.9,0.1,0.1,0.9,0.5,0.5
224,0.9,0.9,0.1,0.9,0.9,282808.1047786899,0.9,0.9,0.9,0.9,0.1,0.1,0.9,0.9,0.9
225,0.9,0.9,0.5,0.1,0.1,76879.5496440132,0.9,0.9,0.9,0.9,0.5,0.5,0.1,0.1,0.1
226,0.9,0.9,0.5,0.1,0.5,119411.8871572958,0.9,0.9,0.9,0.9,0.5,0.5,0.1,0.5,0.5
227,0.9,0.9,0.5,0.1,0.9,166337.17162479088,0.9,0.9,0.9,0.9,0.5,0.5,0.1,0.9,0.9
228,0.9,0.9,0.5,0.5,0.1,77377.35104719675,0.9,0.9,0.9,0.9,0.5,0.5,0.5,0.1,0.1
229,0.9,0.9,0.5,0.5,0.5,119916.58141273158,0.9,0.9,0.9,0.9,0.5,0.5,0.5,0.5,0.5
230,0.9,0.9,0.5,0.5,0.9,166857.60790008976,0.9,0.9,0.9,0.9,0.5,0.5,0.5,0.9,0.9
231,0.9,0.9,0.5,0.9,0.1,78456.86108938357,0.9,0.9,0.9,0.9,0.5,0.5,0.9,0.1,0.1
232,0.9,0.9,0.5,0.9,0.5,120981.94720768233,0.9,0.9,0.9,0.9,0.5,0.5,0.9,0.5,0.5
233,0.9,0.9,0.5,0.9,0.9,167907.90847158467,0.9,0.9,0.9,0.9,0.5,0.5,0.9,0.9,0.9
234,0.9,0.9,0.9,0.1,0.1,41699.725420467454,0.9,0.9,0.9,0.9,0.9,0.9,0.1,0.1,0.1
235,0.9,0.9,0.9,0.1,0.5,73911.11093520856,0.9,0.9,0.9,0.9,0.9,0.9,0.1,0.5,0.5
236,0.9,0.9,0.9,0.1,0.9,119205.00671712088,0.9,0.9,0.9,0.9,0.9,0.9,0.1,0.9,0.9
237,0.9,0.9,0.9,0.5,0.1,39928.09163762306,0.9,0.9,0.9,0.9,0.9,0.9,0.5,0.1,0.1
238,0.9,0.9,0.9,0.5,0.5,72321.92672068068,0.9,0.9,0.9,0.9,0.9,0.9,0.5,0.5,0.5
239,0.9,0.9,0.9,0.5,0.9,117643.76634124722,0.9,0.9,0.9,0.9,0.9,0.9,0.5,0.9,0.9
240,0.9,0.9,0.9,0.9,0.1,40103.269385794905,0.9,0.9,0.9,0.9,0.9,0.9,0.9,0.1,0.1
241,0.9,0.9,0.9,0.9,0.5,72626.73228818491,0.9,0.9,0.9,0.9,0.9,0.9,0.9,0.5,0.5
242,0.9,0.9,0.9,0.9,0.9,117971.83275861177,0.9,0.9,0.9,0.9,0.9,0.9,0.9,0.9,0.9
